zdjecie,product_id,old_name,new_name,collection,old_sku,old_sku_variants,old_regular_price,old_live_price,new_regular_price,new_live_price,lowest_price_30d,discount_pct,category,gender,shape,polarized,frame_colors,stock_status,total_sales,image_live_url,new_url
"=IMAGE(""https://goya-eight.vercel.app/products/587_2.jpg"")",243882,G 2622 C4,Adelfa,City,Goya G 2622 C4,,109.0,76.3,349,349,,0,Korekcyjne,Damskie,Prostokątne,nie,"Fioletowy, Różowy",instock,4,https://goya-eight.vercel.app/products/587_2.jpg,https://goya-eight.vercel.app/okulary/goya-okulary-korekcyjne-g-2622-c4
"=IMAGE(""https://goya-eight.vercel.app/products/3150_6.jpg"")",245743,G 182,Aire,Coast,,GOYA G 182 ZX; Goya G 182 BR; Goya G 182 CZ,149,104.3,449,449,,0,Przeciwsłoneczne,Damskie,Muchy,tak,"Brązowy, Czarny, Transparentny",instock,10,https://goya-eight.vercel.app/products/3150_6.jpg,https://goya-eight.vercel.app/okulary/goya-g-182-zx-okulary-przeciwsloneczne-z-filtrem-polaryzacyjnym
"=IMAGE(""https://goya-eight.vercel.app/products/G_55004_BR_A.jpg"")",334136,G 55004 BR,Alba,Coast,G 55004 BR - C3,,179.0,125.3,499,499,,0,Przeciwsłoneczne,Damskie,Aviator,tak,Brązowy,instock,2,https://goya-eight.vercel.app/products/G_55004_BR_A.jpg,https://goya-eight.vercel.app/okulary/goya-okulary-przeciwsloneczne-z-filtrem-polaryzacyjnym-g-55004-br
"=IMAGE(""https://goya-eight.vercel.app/products/575_6.jpg"")",243957,okulary korekcyjne G 2742 C2,Alma,City,Goya G 2742 C2,,109.0,76.3,349,349,,0,Korekcyjne,Damskie,Prostokątne,nie,Fioletowy,instock,0,https://goya-eight.vercel.app/products/575_6.jpg,https://goya-eight.vercel.app/okulary/goya-okulary-korekcyjne-g-2742-c2
"=IMAGE(""https://goya-eight.vercel.app/products/3119_1.jpg"")",245464,G 205,Almendra,Coast,,Goya G 205 Z; Goya G 205 BR,149,104.3,449,449,,0,Przeciwsłoneczne,Damskie,Kocie,tak,"Brązowy, Fioletowy, Zielony",instock,13,https://goya-eight.vercel.app/products/3119_1.jpg,https://goya-eight.vercel.app/okulary/goya-g-205-z-okulary-przeciwsloneczne-z-filtrem-polaryzacyjnym
"=IMAGE(""https://goya-eight.vercel.app/products/974_3.jpg"")",244646,G1923 C1,Almería,Coast,GOYA G1923 C1,,109.0,76.3,349,349,,0,Przeciwsłoneczne,Unisex,Aviator,tak,Złoty,instock,4,https://goya-eight.vercel.app/products/974_3.jpg,https://goya-eight.vercel.app/okulary/goya-g1923-c1-okulary-przeciwsloneczne-z-filtrem-polaryzacyjnym
"=IMAGE(""https://goya-eight.vercel.app/products/625_4.jpg"")",243994,G 89020,Altea,City,,Goya G 89020 C4; Goya G 89020 C5,159,111.3,449,449,,0,Korekcyjne,Unisex,Kwadratowe,nie,"Czarny, Granatowy, Niebieski",instock,0,https://goya-eight.vercel.app/products/625_4.jpg,https://goya-eight.vercel.app/okulary/goya-okulary-korekcyjne-g-89020-c4
"=IMAGE(""https://goya-eight.vercel.app/products/194_1.jpg"")",243742,G 15217,Amapola,Coast,,Goya G 15217 CZ; Goya G 15217 ZX,109,76.3,349,349,,0,Przeciwsłoneczne,Damskie,Kocie,tak,"Czarny, Wielokolorowy, Złoty",instock,58,https://goya-eight.vercel.app/products/194_1.jpg,https://goya-eight.vercel.app/okulary/goya-g-15217-cz-okulary-przeciwsloneczne-kocie-oczy-z-filtrem-polaryzacyjnym
"=IMAGE(""https://goya-eight.vercel.app/products/667_4.jpg"")",244300,G 94312 C1,Ancla,City,Goya G 94312 C1,,159.0,111.3,449,449,,0,Korekcyjne,Męskie,Prostokątne,nie,"Czarny, Szary",instock,0,https://goya-eight.vercel.app/products/667_4.jpg,https://goya-eight.vercel.app/okulary/goya-okulary-korekcyjne-g-94312-c1
"=IMAGE(""https://goya-eight.vercel.app/products/GOYA-CJ1943-P-A.jpg"")",256121,CJ 1943,Arena,City,,GOYA CJ 1943 CZ; GOYA CJ 1943 P,179,125.3,499,499,,0,Przeciwsłoneczne,Męskie,Nerdy,tak,Czarny,instock,10,https://goya-eight.vercel.app/products/GOYA-CJ1943-P-A.jpg,https://goya-eight.vercel.app/okulary/goya-okulary-przeciwsloneczne-z-filtrem-polaryzacyjnym-goya-cj-1943
"=IMAGE(""https://goya-eight.vercel.app/products/610_4.jpg"")",243941,okulary korekcyjne G 2694 C1,Astro,Weekend,Goya G 2694 C1,,109.0,76.3,349,349,,0,Korekcyjne,Damskie,Okrągłe,nie,Czarny,outofstock,0,https://goya-eight.vercel.app/products/610_4.jpg,https://goya-eight.vercel.app/okulary/goya-okulary-korekcyjne-g-2694-c1
"=IMAGE(""https://goya-eight.vercel.app/products/575_6.jpg"")",243956,okulary korekcyjne G 2742 C4,Aura,City,Goya G 2742 C4,,109.0,76.3,349,349,,0,Korekcyjne,Damskie,Prostokątne,nie,"Czerwony, Fioletowy",instock,0,https://goya-eight.vercel.app/products/575_6.jpg,https://goya-eight.vercel.app/okulary/goya-okulary-korekcyjne-g-2742-c4
"=IMAGE(""https://goya-eight.vercel.app/products/G_55029_CZ_A.jpg"")",337402,G 55029 CZ,Aurora,Coast,G 55029 CZ - C1,,179.0,125.3,499,499,,0,Przeciwsłoneczne,Damskie,Aviator,tak,Czarny,instock,9,https://goya-eight.vercel.app/products/G_55029_CZ_A.jpg,https://goya-eight.vercel.app/okulary/goya-okulary-przeciwsloneczne-z-filtrem-polaryzacyjnym-g-55029-cz
"=IMAGE(""https://goya-eight.vercel.app/products/3124_1.jpg"")",245502,G 196 BR,Avellana,Coast,GOYA G 196 BR,,149.0,104.3,449,449,,0,Przeciwsłoneczne,Damskie,Muchy,tak,"Brązowy, Złoty",instock,9,https://goya-eight.vercel.app/products/3124_1.jpg,https://goya-eight.vercel.app/okulary/goya-g-196-br-okulary-przeciwsloneczne-z-filtrem-polaryzacyjnym
"=IMAGE(""https://goya-eight.vercel.app/products/689_4.jpg"")",244447,G 96514S C21,Azabache,Weekend,,Goya G 96514S C2; Goya G 96514S C1,109,76.3,349,349,,0,Przeciwsłoneczne,Damskie,Okrągłe,nie,"Czarny, Transparentny",instock,3,https://goya-eight.vercel.app/products/689_4.jpg,https://goya-eight.vercel.app/okulary/goya-g-96514s-c21-okulary-przeciwsloneczne
"=IMAGE(""https://goya-eight.vercel.app/products/prof-233.jpeg"")",237602,G 221,Azahar,City,G 221,,119.0,83.3,399,399,,0,Przeciwsłoneczne,Damskie,Nerdy,tak,Brązowy,instock,14,https://goya-eight.vercel.app/products/prof-233.jpeg,https://goya-eight.vercel.app/okulary/okulary-przeciwsloneczne-polaryzacyjne-kujonki-goya-g-221
"=IMAGE(""https://goya-eight.vercel.app/products/605_4.jpg"")",243919,G 2655 C1,Azucena,Coast,Goya G 2655 C1,,109.0,76.3,349,349,,0,Korekcyjne,Damskie,Kocie,nie,"Brązowy, Zielony, Żółty",instock,2,https://goya-eight.vercel.app/products/605_4.jpg,https://goya-eight.vercel.app/okulary/goya-okulary-korekcyjne-g-2655-c1
"=IMAGE(""https://goya-eight.vercel.app/products/3136_1.jpg"")",245657,G 187,Añil,Coast,,GOYA G 187 CZ; Goya G 187 ZX; Goya G 187 BR,149,104.3,449,449,,0,Przeciwsłoneczne,Damskie,Muchy,tak,"Brązowy, Czarny, Szylkret",instock,6,https://goya-eight.vercel.app/products/3136_1.jpg,https://goya-eight.vercel.app/okulary/goya-g-187-cz-okulary-przeciwsloneczne-z-filtrem-polaryzacyjnym
"=IMAGE(""https://goya-eight.vercel.app/products/G_55015_CZ_A.jpg"")",334606,G 55015 CZ,Bahía,City,G 55015 CZ - C1,,179.0,125.3,499,499,,0,Przeciwsłoneczne,Męskie,Nerdy,tak,Czarny,instock,3,https://goya-eight.vercel.app/products/G_55015_CZ_A.jpg,https://goya-eight.vercel.app/okulary/goya-okulary-przeciwsloneczne-z-filtrem-polaryzacyjnym-g-55015-cz
"=IMAGE(""https://goya-eight.vercel.app/products/575_6.jpg"")",243978,okulary korekcyjne G 89087 C2,Begur,Weekend,Goya G 89087 C2,,159.0,111.3,449,449,,0,Korekcyjne,Unisex,Okrągłe,nie,"Czarny, Czerwony",instock,0,https://goya-eight.vercel.app/products/575_6.jpg,https://goya-eight.vercel.app/okulary/goya-okulary-korekcyjne-g-89087-c2
"=IMAGE(""https://goya-eight.vercel.app/products/649_4.jpg"")",244093,M 9004,Bella,Coast,,Goya M 9004 C1; Goya M 9004 C3; Goya M 9004 C4,159,111.3,449,449,,0,Korekcyjne,Damskie,Kocie,nie,"Czarny, Czerwony, Fioletowy, Srebrny, Złoty",instock,4,https://goya-eight.vercel.app/products/649_4.jpg,https://goya-eight.vercel.app/okulary/goya-okulary-korekcyjne-m-9004-c1
"=IMAGE(""https://goya-eight.vercel.app/products/3123_1.jpg"")",245493,G 199,Bravo,Coast,,GOYA G 199 GR; GOYA G 199 BR,149,104.3,449,449,,0,Przeciwsłoneczne,Męskie,Aviator,tak,"Brązowy, Grafitowy",instock,7,https://goya-eight.vercel.app/products/3123_1.jpg,https://goya-eight.vercel.app/okulary/goya-g-199-br-okulary-przeciwsloneczne-z-filtrem-polaryzacyjnym
"=IMAGE(""https://goya-eight.vercel.app/products/3147_6.jpg"")",245722,G 183,Brisa,Weekend,,GOYA G 183 ZX; Goya G 183 BR; Goya G 183 CZ,149,104.3,449,449,,0,Przeciwsłoneczne,Damskie,Okrągłe,tak,"Brązowy, Czarny, Transparentny",instock,13,https://goya-eight.vercel.app/products/3147_6.jpg,https://goya-eight.vercel.app/okulary/goya-g-183-zx-okulary-przeciwsloneczne-z-filtrem-polaryzacyjnym
"=IMAGE(""https://goya-eight.vercel.app/products/2607_1.jpg"")",245340,G CP3717,Bronce,City,,G CP3717 R; G CP3717 BR; G CP3717 CZ,159,111.3,449,449,,0,Przeciwsłoneczne,Damskie,Prostokątne,tak,Złoty,instock,9,https://goya-eight.vercel.app/products/2607_1.jpg,https://goya-eight.vercel.app/okulary/goya-g-cp3717-r-okulary-przeciwsloneczne-polaryzacyjne
"=IMAGE(""https://goya-eight.vercel.app/products/680_4.jpg"")",244389,G 95541,Bruma,City,,Goya G 95541 C1; Goya G 95541 C2,179,125.3,499,499,,0,Korekcyjne,Męskie,Prostokątne,nie,"Czarny, Srebrny, Złoty",instock,1,https://goya-eight.vercel.app/products/680_4.jpg,https://goya-eight.vercel.app/okulary/goya-okulary-korekcyjne-g-95541-c1
"=IMAGE(""https://goya-eight.vercel.app/products/575_6.jpg"")",244057,LB 8936 C5,Brío,City,Goya LB 8936 C5,,129.0,90.3,399,399,,0,Korekcyjne,Męskie,Prostokątne,nie,"Czarny, Zielony",instock,0,https://goya-eight.vercel.app/products/575_6.jpg,https://goya-eight.vercel.app/okulary/goya-okulary-korekcyjne-lb-8936-c5
"=IMAGE(""https://goya-eight.vercel.app/products/588_4.jpg"")",243883,G 2622 C3,Buganvilla,City,Goya G 2622 C3,,109.0,76.3,349,349,,0,Korekcyjne,Damskie,Prostokątne,nie,"Biały, Czerwony",instock,2,https://goya-eight.vercel.app/products/588_4.jpg,https://goya-eight.vercel.app/okulary/goya-okulary-korekcyjne-g-2622-c3
"=IMAGE(""https://goya-eight.vercel.app/products/644_4.jpg"")",244068,GM 7080,Cabo,City,,Goya GM 7080 C5; Goya GM 7080 C3,119,83.3,399,399,,0,Korekcyjne,Męskie,Prostokątne,nie,"Brązowy, Granatowy",instock,0,https://goya-eight.vercel.app/products/644_4.jpg,https://goya-eight.vercel.app/okulary/goya-okulary-korekcyjne-gm-7080-c5
"=IMAGE(""https://goya-eight.vercel.app/products/688_4.jpg"")",244419,G 95551,Cadaqués,Coast,,Goya G 95551 C2; Goya G 95551 C1,179,125.3,499,499,,0,Korekcyjne,Unisex,Aviator,nie,"Brązowy, Czarny, Złoty",instock,2,https://goya-eight.vercel.app/products/688_4.jpg,https://goya-eight.vercel.app/okulary/goya-okulary-korekcyjne-g-95551-c2
"=IMAGE(""https://goya-eight.vercel.app/products/G_55015_GR_A.jpg"")",334596,G 55015 GR,Cala,City,G 55015 GR - C2,,179.0,125.3,499,499,,0,Przeciwsłoneczne,Męskie,Nerdy,tak,"Grafitowy, Szary",instock,0,https://goya-eight.vercel.app/products/G_55015_GR_A.jpg,https://goya-eight.vercel.app/okulary/goya-okulary-przeciwsloneczne-z-filtrem-polaryzacyjnym-g-55015-gr
"=IMAGE(""https://goya-eight.vercel.app/products/652_4.jpg"")",244104,MA 3021 C3,Calma,Coast,Goya MA 3021 C3,,119.0,83.3,399,399,,0,Korekcyjne,Damskie,Kocie,nie,"Czerwony, Fioletowy, Zielony, Złoty",instock,4,https://goya-eight.vercel.app/products/652_4.jpg,https://goya-eight.vercel.app/okulary/goya-okulary-korekcyjne-ma-3021-c3
"=IMAGE(""https://goya-eight.vercel.app/products/575_6.jpg"")",244254,okulary korekcyjne TJ 032 C3,Calpe,City,Goya TJ 032 C3,,129.0,90.3,399,399,,0,Korekcyjne,Unisex,Prostokątne,nie,"Czarny, Niebieski",instock,0,https://goya-eight.vercel.app/products/575_6.jpg,https://goya-eight.vercel.app/okulary/goya-okulary-korekcyjne-tj-032-c3
"=IMAGE(""https://goya-eight.vercel.app/products/577_4.jpg"")",243848,G 942117,Camelia,Coast,,Goya G 942117 C1; Goya G 942117 C4,159,111.3,449,449,,0,Korekcyjne,Damskie,Aviator,nie,"Czarny, Złoty",instock,1,https://goya-eight.vercel.app/products/577_4.jpg,https://goya-eight.vercel.app/okulary/goya-okulary-korekcyjne-g-942117-c1
"=IMAGE(""https://goya-eight.vercel.app/products/2642_1.jpg"")",245396,G 6232,Canela,Coast,,G 6232 CZ; G 6232 N; G 6232 GR,159,111.3,449,449,,0,Przeciwsłoneczne,Damskie,Muchy,tak,"Czarny, Niebieski, Szary",instock,14,https://goya-eight.vercel.app/products/2642_1.jpg,https://goya-eight.vercel.app/okulary/goya-g-6232-cz-okulary-przeciwsloneczne-polaryzacyjne
"=IMAGE(""https://goya-eight.vercel.app/products/3129_1.jpg"")",245548,G 191 BR,Carmín,Coast,GOYA G 191 BR,,149.0,104.3,449,449,,0,Przeciwsłoneczne,Damskie,Muchy,tak,Brązowy,instock,5,https://goya-eight.vercel.app/products/3129_1.jpg,https://goya-eight.vercel.app/okulary/goya-g-191-br-okulary-przeciwsloneczne-z-filtrem-polaryzacyjnym
"=IMAGE(""https://goya-eight.vercel.app/products/684_1.jpg"")",244404,G 96302,Cedro,City,,Goya G 96302 C4; Goya G 96302 C3,189,132.3,499,499,,0,Korekcyjne,Męskie,Prostokątne,nie,"Czarny, Srebrny",instock,2,https://goya-eight.vercel.app/products/684_1.jpg,https://goya-eight.vercel.app/okulary/goya-okulary-korekcyjne-g-96302-c4
"=IMAGE(""https://goya-eight.vercel.app/products/650_4.jpg"")",244098,M 8209,Celeste,Coast,,Goya M 8209 C4; Goya M 8209 C2,129,90.3,399,399,,0,Korekcyjne,Damskie,Kocie,nie,"Brązowy, Granatowy, Srebrny, Złoty",instock,2,https://goya-eight.vercel.app/products/650_4.jpg,https://goya-eight.vercel.app/okulary/goya-okulary-korekcyjne-m-8209-c4
"=IMAGE(""https://goya-eight.vercel.app/products/670_4.jpg"")",244315,G 93304,Chispa,Weekend,,Goya G 93304 C2; Goya G 93304 C1,119,83.3,399,399,,0,Korekcyjne,Dziecięce,Okrągłe,nie,"Biały, Czarny, Czerwony, Transparentny, Zielony",instock,0,https://goya-eight.vercel.app/products/670_4.jpg,https://goya-eight.vercel.app/okulary/goya-okulary-korekcyjne-g-93304-c2
"=IMAGE(""https://goya-eight.vercel.app/products/609_1.jpg"")",243936,okulary korekcyjne G 2694 C2,Cielo,Weekend,Goya G 2694 C2,,109.0,76.3,349,349,,0,Korekcyjne,Damskie,Okrągłe,nie,"Brązowy, Czarny, Żółty",outofstock,0,https://goya-eight.vercel.app/products/609_1.jpg,https://goya-eight.vercel.app/okulary/goya-okulary-korekcyjne-g-2694-c2
"=IMAGE(""https://goya-eight.vercel.app/products/G_55051_GR_A.jpg"")",337436,G 55051 GR,Claro,Coast,G 55051 GR - C2,,179.0,125.3,499,499,,0,Przeciwsłoneczne,Damskie,Aviator,tak,"Grafitowy, Szary",instock,1,https://goya-eight.vercel.app/products/G_55051_GR_A.jpg,https://goya-eight.vercel.app/okulary/goya-okulary-przeciwsloneczne-z-filtrem-polaryzacyjnym-g-55051-gr
"=IMAGE(""https://goya-eight.vercel.app/products/2638_1.jpg"")",245367,G 6230 R,Cobre,Weekend,G 6230 R,,159.0,111.3,449,449,,0,Przeciwsłoneczne,Damskie,Okrągłe,tak,"Różowy, Transparentny",instock,1,https://goya-eight.vercel.app/products/2638_1.jpg,https://goya-eight.vercel.app/okulary/goya-g-6230-r-okulary-przeciwsloneczne-polaryzacyjne
"=IMAGE(""https://goya-eight.vercel.app/products/611_4.jpg"")",243946,G 2682,Cometa,Coast,,Goya G 2682 C4; Goya G 2682 C2,109,76.3,349,349,,0,Korekcyjne,Damskie,Kocie,nie,"Czarny, Granatowy",instock,0,https://goya-eight.vercel.app/products/611_4.jpg,https://goya-eight.vercel.app/okulary/goya-okulary-korekcyjne-g-2682-c4
"=IMAGE(""https://goya-eight.vercel.app/products/675_4.jpg"")",244356,G 94319 C2,Comillas,City,Goya G 94319 C2,,159.0,111.3,449,449,,0,Korekcyjne,Unisex,Prostokątne,nie,"Brązowy, Granatowy",instock,0,https://goya-eight.vercel.app/products/675_4.jpg,https://goya-eight.vercel.app/okulary/goya-okulary-korekcyjne-g-94319-c2
"=IMAGE(""https://goya-eight.vercel.app/products/3189_1.jpg"")",253086,G 149,Conil,City,,Goya G 149 BR A; Goya G 149 ZOL B,149,104.3,449,449,,0,Przeciwsłoneczne,Unisex,Owalne,tak,"Brązowy, Czarny, Żółty",instock,3,https://goya-eight.vercel.app/products/3189_1.jpg,https://goya-eight.vercel.app/okulary/goya-okulary-przeciwsloneczne-z-filtrem-polaryzacyjnym-g-149
"=IMAGE(""https://goya-eight.vercel.app/products/G_55021_CZ_A.jpg"")",337384,G 55021 CZ,Coral,City,G 55021 CZ - C1,,179.0,125.3,499,499,,0,Przeciwsłoneczne,Męskie,Owalne,tak,Czarny,instock,3,https://goya-eight.vercel.app/products/G_55021_CZ_A.jpg,https://goya-eight.vercel.app/okulary/goya-okulary-przeciwsloneczne-z-filtrem-polaryzacyjnym-g-55021-cz
"=IMAGE(""https://goya-eight.vercel.app/products/3154_6.jpg"")",245772,G 177 CZ,Corsario,Drive,GOYA G 177 CZ,,129.0,90.3,399,399,,0,Przeciwsłoneczne,Męskie,Sportowe,tak,Czarny,instock,14,https://goya-eight.vercel.app/products/3154_6.jpg,https://goya-eight.vercel.app/okulary/goya-g-177-cz-okulary-przeciwsloneczne-z-filtrem-polaryzacyjnym
"=IMAGE(""https://goya-eight.vercel.app/products/G_55015_BR_A.jpg"")",334580,G 55015 BR,Costa,City,G 55015 BR - C3,,179.0,125.3,499,499,,0,Przeciwsłoneczne,Męskie,Nerdy,tak,Brązowy,instock,4,https://goya-eight.vercel.app/products/G_55015_BR_A.jpg,https://goya-eight.vercel.app/okulary/goya-okulary-przeciwsloneczne-z-filtrem-polaryzacyjnym-g-55015-br
"=IMAGE(""https://goya-eight.vercel.app/products/674_4.jpg"")",244347,G 94402,Cuarzo,Coast,,Goya G 94402 C1; Goya G 94402 C2,199,139.3,499,499,,0,Korekcyjne,Damskie,Aviator,nie,"Biały, Czarny, Złoty",instock,1,https://goya-eight.vercel.app/products/674_4.jpg,https://goya-eight.vercel.app/okulary/goya-okulary-korekcyjne-g-94402-c1
"=IMAGE(""https://goya-eight.vercel.app/products/967_1.jpg"")",244579,G1904,Cádiz,Coast,,GOYA G1904 C2; Goya G1904 C5,109,76.3,349,349,,0,Przeciwsłoneczne,Unisex,Aviator,tak,Czarny,instock,8,https://goya-eight.vercel.app/products/967_1.jpg,https://goya-eight.vercel.app/okulary/goya-g1904-c2-okulary-przeciwsloneczne-z-filtrem-polaryzacyjnym-kopia
"=IMAGE(""https://goya-eight.vercel.app/products/3160_6.jpg"")",245833,G 172,Céfiro,City,,Goya G 172 BR; Goya G 172 ZX; Goya G 172 CZ,149,104.3,449,449,,0,Przeciwsłoneczne,Damskie,Prostokątne,tak,"Brązowy, Czarny, Wielokolorowy",instock,37,https://goya-eight.vercel.app/products/3160_6.jpg,https://goya-eight.vercel.app/okulary/goya-g-172-br-okulary-przeciwsloneczne-z-filtrem-polaryzacyjnym
"=IMAGE(""https://goya-eight.vercel.app/products/181_1.jpg"")",243658,G 0901S,Dalia,Coast,,Goya G 0901S P; Goya G 0901S N,109,76.3,349,349,,0,Przeciwsłoneczne,Damskie,Aviator,tak,Złoty,instock,15,https://goya-eight.vercel.app/products/181_1.jpg,https://goya-eight.vercel.app/okulary/goya-g-0901s-p-okulary-przeciwsloneczne-z-filtrem-polaryzacyjnym-pilotki-lustrzanki
"=IMAGE(""https://goya-eight.vercel.app/products/584_4.jpg"")",243871,G 2615 C1,Denia,City,Goya G 2615 C1,,129.0,90.3,399,399,,0,Korekcyjne,Unisex,Prostokątne,nie,"Brązowy, Czarny, Zielony",instock,0,https://goya-eight.vercel.app/products/584_4.jpg,https://goya-eight.vercel.app/okulary/goya-okulary-korekcyjne-g-2615-c1
"=IMAGE(""https://goya-eight.vercel.app/products/1615_2.jpg"")",239041,G 55T001,Deriva,City,,G 55T001 CZ; G 55T001 GR; G 55T001 BR,119,83.3,399,399,,0,Przeciwsłoneczne,Męskie,Nerdy,tak,"Brązowy, Czarny, Grafitowy",instock,41,https://goya-eight.vercel.app/products/1615_2.jpg,https://goya-eight.vercel.app/okulary/okulary-przeciwsloneczne-polaryzacyjne-dla-kierowcow-goya-g-55t001-cz
"=IMAGE(""https://goya-eight.vercel.app/products/G_55054_CZ_A.jpg"")",337482,G 55054 CZ,Destello,Coast,G 55054 CZ - C1,,179.0,125.3,499,499,,0,Przeciwsłoneczne,Damskie,Aviator,tak,Czarny,instock,10,https://goya-eight.vercel.app/products/G_55054_CZ_A.jpg,https://goya-eight.vercel.app/okulary/goya-okulary-przeciwsloneczne-z-filtrem-polaryzacyjnym-g-55054-cz
"=IMAGE(""https://goya-eight.vercel.app/products/618_4.jpg"")",243968,G 2717 C4,Diva,City,Goya G 2717 C4,,109.0,76.3,349,349,,0,Korekcyjne,Damskie,Prostokątne,nie,Czerwony,instock,1,https://goya-eight.vercel.app/products/618_4.jpg,https://goya-eight.vercel.app/okulary/goya-okulary-korekcyjne-g-2717-c4
"=IMAGE(""https://goya-eight.vercel.app/products/694_4.jpg"")",244429,G 93305,Duende,Weekend,,Goya G 93305 C2; Goya G 93305 C3,119,83.3,399,399,,0,Korekcyjne,Dziecięce,Prostokątne,nie,"Granatowy, Różowy",instock,0,https://goya-eight.vercel.app/products/694_4.jpg,https://goya-eight.vercel.app/okulary/goya-okulary-korekcyjne-g-93305-c2
"=IMAGE(""https://goya-eight.vercel.app/products/3168_1.jpg"")",245901,G 166 GR,Duero,City,GOYA G 166 GR,,149.0,104.3,449,449,,0,Przeciwsłoneczne,Męskie,Owalne,tak,Grafitowy,outofstock,7,https://goya-eight.vercel.app/products/3168_1.jpg,https://goya-eight.vercel.app/okulary/goya-g-166-gr-okulary-przeciwsloneczne-z-filtrem-polaryzacyjnym
"=IMAGE(""https://goya-eight.vercel.app/products/643_4.jpg"")",244063,LA 9910 C4,Dulce,City,Goya LA 9910 C4,,129.0,90.3,399,399,,0,Korekcyjne,Damskie,Prostokątne,nie,"Czarny, Czerwony, Fioletowy, Złoty",instock,0,https://goya-eight.vercel.app/products/643_4.jpg,https://goya-eight.vercel.app/okulary/goya-okulary-korekcyjne-la-9910-c4
"=IMAGE(""https://goya-eight.vercel.app/products/G-201-CZ-A.jpg"")",253763,G 201 CZ,Duna,Drive,G 201 CZ,,149.0,104.3,449,449,,0,Przeciwsłoneczne,Męskie,Sportowe,tak,Czarny,instock,7,https://goya-eight.vercel.app/products/G-201-CZ-A.jpg,https://goya-eight.vercel.app/okulary/goya-okulary-przeciwsloneczne-z-filtrem-polaryzacyjnym-g-201-cz
"=IMAGE(""https://goya-eight.vercel.app/products/3184_1.jpg"")",253125,G 153,Ebro,Weekend,,GOYA G 153 S A; GOYA G 153 GR B,129,90.3,399,399,,0,Przeciwsłoneczne,Męskie,Pozostałe,tak,"Czarny, Srebrny",instock,1,https://goya-eight.vercel.app/products/3184_1.jpg,https://goya-eight.vercel.app/okulary/goya-okulary-przeciwsloneczne-z-filtrem-polaryzacyjnym-g-153
"=IMAGE(""https://goya-eight.vercel.app/products/575_4.jpg"")",243836,G 1014 C8,Errante,City,Goya G 1014 C8,,129.0,90.3,399,399,,0,Korekcyjne,Męskie,Prostokątne,nie,"Czarny, Niebieski",instock,5,https://goya-eight.vercel.app/products/575_4.jpg,https://goya-eight.vercel.app/okulary/goya-okulary-korekcyjne-g-1014-c8
"=IMAGE(""https://goya-eight.vercel.app/products/665_4.jpg"")",244290,G 93205,Esmeralda,Coast,,Goya G 93205 C1; Goya G 93205 C4; Goya G 93205 C2,159,111.3,449,449,,0,Korekcyjne,Damskie,Kocie,nie,"Brązowy, Czarny, Fioletowy",instock,1,https://goya-eight.vercel.app/products/665_4.jpg,https://goya-eight.vercel.app/okulary/goya-okulary-korekcyjne-g-93205-c1
"=IMAGE(""https://goya-eight.vercel.app/products/GOYA-2619-C4-prof.jpg"")",243886,okulary korekcyjne G 2619 C4,Espliego,City,Goya G 2619 C4,,119.0,83.3,399,399,,0,Korekcyjne,Damskie,Prostokątne,nie,"Czarny, Szary",instock,0,https://goya-eight.vercel.app/products/GOYA-2619-C4-prof.jpg,https://goya-eight.vercel.app/okulary/goya-okulary-korekcyjne-g-2619-c4
"=IMAGE(""https://goya-eight.vercel.app/products/575_6.jpg"")",243929,okulary korekcyjne G 2714 C4,Estrella,City,Goya G 2714 C4,,109.0,76.3,349,349,,0,Korekcyjne,Damskie,Prostokątne,nie,Granatowy,instock,0,https://goya-eight.vercel.app/products/575_6.jpg,https://goya-eight.vercel.app/okulary/goya-okulary-korekcyjne-g-2714-c4
"=IMAGE(""https://goya-eight.vercel.app/products/G_55012_GR_A.jpg"")",334688,G 55012 GR,Faro,City,G 55012 GR - C2,,179.0,125.3,499,499,,0,Przeciwsłoneczne,Męskie,Nerdy,tak,"Grafitowy, Szary",instock,2,https://goya-eight.vercel.app/products/G_55012_GR_A.jpg,https://goya-eight.vercel.app/okulary/goya-okulary-przeciwsloneczne-z-filtrem-polaryzacyjnym-g-55012-gr
"=IMAGE(""https://goya-eight.vercel.app/products/GOYA-CP806639-BR-A.jpg"")",256054,CP 806639,Feria,Coast,,GOYA CP 806639 BR; GOYA CP 806639 ZL; GOYA CP 806639 CZ,179,125.3,499,499,,0,Przeciwsłoneczne,Unisex,Aviator,tak,"Brązowy, Czarny, Złoty",instock,6,https://goya-eight.vercel.app/products/GOYA-CP806639-BR-A.jpg,https://goya-eight.vercel.app/okulary/goya-okulary-przeciwsloneczne-z-filtrem-polaryzacyjnym-goya-cp-806639
"=IMAGE(""https://goya-eight.vercel.app/products/GOYA-PG3026-P-A.jpg"")",255981,PG 3026,Fiesta,Coast,,GOYA PG 3026 P; GOYA PG 3026 F; GOYA PG 3026 Z; GOYA PG 3026 R,179,125.3,499,499,,0,Przeciwsłoneczne,Unisex,Aviator,tak,"Srebrny, Złoty",instock,28,https://goya-eight.vercel.app/products/GOYA-PG3026-P-A.jpg,https://goya-eight.vercel.app/okulary/goya-okulary-przeciwsloneczne-z-filtrem-polaryzacyjnym-goya-pg-3026
"=IMAGE(""https://goya-eight.vercel.app/products/586_3.jpg"")",243881,G 2603 C1,Flor,Coast,Goya G 2603 C1,,129.0,90.3,399,399,,0,Korekcyjne,Damskie,Kocie,nie,"Czarny, Zielony",instock,0,https://goya-eight.vercel.app/products/586_3.jpg,https://goya-eight.vercel.app/okulary/goya-okulary-korekcyjne-g-2603-c1
"=IMAGE(""https://goya-eight.vercel.app/products/624_4.jpg"")",243989,G 89083,Formentera,City,,Goya G 89083 C1; Goya G 89083 C4; Goya G 89083 C5,159,111.3,449,449,,0,Korekcyjne,Unisex,Kwadratowe,nie,"Czarny, Granatowy, Niebieski, Szary",instock,0,https://goya-eight.vercel.app/products/624_4.jpg,https://goya-eight.vercel.app/okulary/goya-okulary-korekcyjne-g-89083-c1
"=IMAGE(""https://goya-eight.vercel.app/products/2449_1.jpg"")",245019,G 55010,Fresno,Coast,,G 55010 BR; G 55010 GR; G 55010 CZ,149,104.3,449,449,,0,Przeciwsłoneczne,Męskie,Aviator,tak,"Brązowy, Czarny, Grafitowy",instock,5,https://goya-eight.vercel.app/products/2449_1.jpg,https://goya-eight.vercel.app/okulary/goya-g-55010-br-okulary-przeciwsloneczne-z-filtrem-polaryzacyjnym
"=IMAGE(""https://goya-eight.vercel.app/products/3177_1.jpg"")",253166,G 160,Frigiliana,City,,Goya G 160 CZ A; Goya G 160 BR B; Goya G 160 ZX C,149,104.3,449,449,,0,Przeciwsłoneczne,Unisex,Owalne,tak,"Brązowy, Czarny, Transparentny",instock,3,https://goya-eight.vercel.app/products/3177_1.jpg,https://goya-eight.vercel.app/okulary/goya-okulary-przeciwsloneczne-z-filtrem-polaryzacyjnym-g-160
"=IMAGE(""https://goya-eight.vercel.app/products/G_55054_GR_A.jpg"")",337493,G 55054 GR,Fulgor,Coast,G 55054 GR - C2,,179.0,125.3,499,499,,0,Przeciwsłoneczne,Damskie,Aviator,tak,"Grafitowy, Szary",instock,2,https://goya-eight.vercel.app/products/G_55054_GR_A.jpg,https://goya-eight.vercel.app/okulary/goya-okulary-przeciwsloneczne-z-filtrem-polaryzacyjnym-g-55054-gr
"=IMAGE(""https://goya-eight.vercel.app/products/637_4.jpg"")",244045,GK 7078,Gala,Coast,,Goya GK 7078 C1; Goya GK 7078 C5,129,90.3,399,399,,0,Korekcyjne,Damskie,Kocie,nie,"Biały, Czarny, Złoty",instock,2,https://goya-eight.vercel.app/products/637_4.jpg,https://goya-eight.vercel.app/okulary/goya-okulary-korekcyjne-gk-7078-c1
"=IMAGE(""https://goya-eight.vercel.app/products/3130_1.jpg"")",245561,G 193 CZ,Getaria,City,GOYA G 193 CZ,,149.0,104.3,449,449,,0,Przeciwsłoneczne,Unisex,Prostokątne,tak,Czarny,instock,2,https://goya-eight.vercel.app/products/3130_1.jpg,https://goya-eight.vercel.app/okulary/goya-g-193-cz-okulary-przeciwsloneczne-z-filtrem-polaryzacyjnym
"=IMAGE(""https://goya-eight.vercel.app/products/575_6.jpg"")",244056,LF 81209 C4,Gracia,City,Goya LF 81209 C4,,99.0,69.3,349,349,,0,Korekcyjne,Damskie,Prostokątne,nie,Niebieski,instock,0,https://goya-eight.vercel.app/products/575_6.jpg,https://goya-eight.vercel.app/okulary/goya-okulary-korekcyjne-lf-81209-c4
"=IMAGE(""https://goya-eight.vercel.app/products/3128_1.jpg"")",245540,G 190 CZ,Grana,Coast,GOYA G 190 CZ,,149.0,104.3,449,449,,0,Przeciwsłoneczne,Damskie,Muchy,tak,Czarny,instock,6,https://goya-eight.vercel.app/products/3128_1.jpg,https://goya-eight.vercel.app/okulary/goya-g-190-cz-okulary-przeciwsloneczne-z-filtrem-polaryzacyjnym
"=IMAGE(""https://goya-eight.vercel.app/products/2465_1.jpg"")",245226,G 55042,Halcón,City,,G 55042 GR; G 55042 CZ; G 55042 BR,149,104.3,449,449,,0,Przeciwsłoneczne,Męskie,Kwadratowe,tak,"Brązowy, Czarny, Grafitowy",instock,10,https://goya-eight.vercel.app/products/2465_1.jpg,https://goya-eight.vercel.app/okulary/goya-g-55042-br-okulary-przeciwsloneczne-z-filtrem-polaryzacyjnym
"=IMAGE(""https://goya-eight.vercel.app/products/3153_6.jpg"")",245765,G 180 GR,Hidalgo,City,GOYA G 180 GR,,149.0,104.3,449,449,,0,Przeciwsłoneczne,Męskie,Prostokątne,tak,Grafitowy,outofstock,1,https://goya-eight.vercel.app/products/3153_6.jpg,https://goya-eight.vercel.app/okulary/goya-g-180-gr-okulary-przeciwsloneczne-z-filtrem-polaryzacyjnym-kopia
"=IMAGE(""https://goya-eight.vercel.app/products/968_6.jpg"")",244590,G1835 C3,Ibiza,Coast,GOYA G1835 C3,,109.0,76.3,349,349,,0,Przeciwsłoneczne,Unisex,Aviator,tak,Czarny,outofstock,3,https://goya-eight.vercel.app/products/968_6.jpg,https://goya-eight.vercel.app/okulary/goya-g1835-c3-okulary-przeciwsloneczne-z-filtrem-polaryzacyjnym
"=IMAGE(""https://goya-eight.vercel.app/products/658_4.jpg"")",244255,T 1013 C6,Jade,Weekend,Goya T 1013 C6,,129.0,90.3,399,399,,0,Korekcyjne,Damskie,Okrągłe,nie,"Czarny, Granatowy, Srebrny",instock,1,https://goya-eight.vercel.app/products/658_4.jpg,https://goya-eight.vercel.app/okulary/goya-okulary-korekcyjne-t-1013-c6
"=IMAGE(""https://goya-eight.vercel.app/products/575_6.jpg"")",243903,okulary korekcyjne G 2635 C4,Jara,Coast,Goya G 2635 C4,,109.0,76.3,349,349,,0,Korekcyjne,Damskie,Kocie,nie,"Fioletowy, Niebieski, Szylkret",instock,0,https://goya-eight.vercel.app/products/575_6.jpg,https://goya-eight.vercel.app/okulary/goya-okulary-korekcyjne-g-2635-c4
"=IMAGE(""https://goya-eight.vercel.app/products/prof-298.jpeg"")",238105,G 55004 CZ,Jazmín,Coast,G 55004 CZ - C1,,179.0,125.3,499,499,,0,Przeciwsłoneczne,Damskie,Aviator,tak,Czarny,instock,18,https://goya-eight.vercel.app/products/prof-298.jpeg,https://goya-eight.vercel.app/okulary/okulary-przeciwsloneczne-polaryzacyjne-dla-kierowcow-pilotki-goya-g-55004-cz
"=IMAGE(""https://goya-eight.vercel.app/products/619_4.jpg"")",243973,G 89087 C3,Jávea,Weekend,Goya G 89087 C3,,159.0,111.3,449,449,,0,Korekcyjne,Unisex,Okrągłe,nie,"Czarny, Granatowy",instock,0,https://goya-eight.vercel.app/products/619_4.jpg,https://goya-eight.vercel.app/okulary/goya-okulary-korekcyjne-g-89087-c3
"=IMAGE(""https://goya-eight.vercel.app/products/603_4.jpg"")",243913,G 2659 C1,Laurel,City,Goya G 2659 C1,,109.0,76.3,349,349,,0,Korekcyjne,Damskie,Prostokątne,nie,"Biały, Czarny",instock,0,https://goya-eight.vercel.app/products/603_4.jpg,https://goya-eight.vercel.app/okulary/goya-okulary-korekcyjne-g-2659-c1
"=IMAGE(""https://goya-eight.vercel.app/products/590_3.jpg"")",243885,G 2622 C1,Lavanda,City,Goya G 2622 C1,,109.0,76.3,349,349,,0,Korekcyjne,Damskie,Prostokątne,nie,"Czarny, Różowy",instock,0,https://goya-eight.vercel.app/products/590_3.jpg,https://goya-eight.vercel.app/okulary/goya-okulary-korekcyjne-g-2622-c1
"=IMAGE(""https://goya-eight.vercel.app/products/3163_1.jpg"")",245865,G 171,Levante,Weekend,,Goya G 171 ZX; Goya G 171 BR; Goya G 171 CZ,149,104.3,449,449,,0,Przeciwsłoneczne,Damskie,Pozostałe,tak,"Brązowy, Czarny, Żółty",instock,19,https://goya-eight.vercel.app/products/3163_1.jpg,https://goya-eight.vercel.app/okulary/goya-g-171-zx-okulary-przeciwsloneczne-z-filtrem-polaryzacyjnym
"=IMAGE(""https://goya-eight.vercel.app/products/G-21609-BR-A.jpg"")",253966,G 21609,Libre,Coast,,GOYA G 21609 CZ; GOYA G 21609 S; GOYA G 21609 BR,149,104.3,449,449,,0,Przeciwsłoneczne,Unisex,Aviator,tak,"Srebrny, Złoty",instock,21,https://goya-eight.vercel.app/products/G-21609-BR-A.jpg,https://goya-eight.vercel.app/okulary/goya-okulary-przeciwsloneczne-z-filtrem-polaryzacyjnym-g-21609
"=IMAGE(""https://goya-eight.vercel.app/products/585_4.jpg"")",243876,G 2611 C2,Lila,Coast,Goya G 2611 C2,,129.0,90.3,399,399,,0,Korekcyjne,Damskie,Kocie,nie,"Czarny, Czerwony",instock,1,https://goya-eight.vercel.app/products/585_4.jpg,https://goya-eight.vercel.app/okulary/goya-okulary-korekcyjne-g-2611-c2
"=IMAGE(""https://goya-eight.vercel.app/products/2467_1.jpg"")",245250,G 9496,Lince,City,,G 9496 BR; G 9496 GR; G 9496 CZ,149,104.3,449,449,,0,Przeciwsłoneczne,Męskie,Nerdy,tak,"Brązowy, Czarny, Grafitowy",instock,32,https://goya-eight.vercel.app/products/2467_1.jpg,https://goya-eight.vercel.app/okulary/goya-g-g-9496-br-okulary-przeciwsloneczne-z-filtrem-polaryzacyjnym
"=IMAGE(""https://goya-eight.vercel.app/products/617_4.jpg"")",243963,G 2740,Lira,City,,Goya G 2740 C4; Goya G 2740 C2,109,76.3,349,349,,0,Korekcyjne,Damskie,Prostokątne,nie,"Brązowy, Czerwony, Fioletowy, Różowy, Żółty",instock,2,https://goya-eight.vercel.app/products/617_4.jpg,https://goya-eight.vercel.app/okulary/goya-okulary-korekcyjne-g-2740-c2
"=IMAGE(""https://goya-eight.vercel.app/products/678_4.jpg"")",244376,G 95544 C3,Llanes,Coast,Goya G 95544 C3,,179.0,125.3,499,499,,0,Korekcyjne,Unisex,Aviator,nie,"Granatowy, Srebrny",instock,0,https://goya-eight.vercel.app/products/678_4.jpg,https://goya-eight.vercel.app/okulary/goya-okulary-korekcyjne-g-95544-c3
"=IMAGE(""https://goya-eight.vercel.app/products/3191_1.jpg"")",253071,G 148,Lucero,Weekend,,Goya G 148 ZX B; Goya G 148 CZ C,149,104.3,449,449,,0,Przeciwsłoneczne,Damskie,Pozostałe,tak,"Brązowy, Czarny",instock,8,https://goya-eight.vercel.app/products/3191_1.jpg,https://goya-eight.vercel.app/okulary/goya-okulary-przeciwsloneczne-z-filtrem-polaryzacyjnym-g-148
"=IMAGE(""https://goya-eight.vercel.app/products/goya_A.jpg"")",421549,okulary przeciwsłoneczne z filtrem UV- G 1000 BR,Lumbre,City,G1000BR,,79.0,55.3,349,349,,0,Przeciwsłoneczne,Damskie,Prostokątne,nie,"Beżowy, Brązowy",instock,0,https://goya-eight.vercel.app/products/goya_A.jpg,https://goya-eight.vercel.app/okulary/goya-okulary-przeciwsloneczne-z-filtrem-uv-g-1000-br
"=IMAGE(""https://goya-eight.vercel.app/products/606_4.jpg"")",243924,G 2716 C1,Luna,City,Goya G 2716 C1,,109.0,76.3,349,349,,0,Korekcyjne,Damskie,Prostokątne,nie,"Czarny, Szary",instock,0,https://goya-eight.vercel.app/products/606_4.jpg,https://goya-eight.vercel.app/okulary/goya-okulary-korekcyjne-g-2716-c1
"=IMAGE(""https://goya-eight.vercel.app/products/3518_1.jpg"")",256193,A 0711,Luz,City,,GOYA A 0711 BR; GOYA A 0711 CZ,179,125.3,499,499,,0,Przeciwsłoneczne,Damskie,Kwadratowe,tak,"Brązowy, Srebrny, Szary, Transparentny",instock,20,https://goya-eight.vercel.app/products/3518_1.jpg,https://goya-eight.vercel.app/okulary/goya-okulary-przeciwsloneczne-z-filtrem-polaryzacyjnym-goya-a-0711
"=IMAGE(""https://goya-eight.vercel.app/products/581_4.jpg"")",243868,G 2618 C4,Magnolia,City,Goya G 2618 C4,,119.0,83.3,399,399,,0,Korekcyjne,Damskie,Prostokątne,nie,"Czarny, Niebieski",instock,0,https://goya-eight.vercel.app/products/581_4.jpg,https://goya-eight.vercel.app/okulary/goya-okulary-korekcyjne-g-2618-c4
"=IMAGE(""https://goya-eight.vercel.app/products/3138_6.jpg"")",245673,G 186,Malaquita,Coast,,GOYA G 186 BR; Goya G 186 CZ,149,104.3,449,449,,0,Przeciwsłoneczne,Damskie,Muchy,tak,"Brązowy, Czarny",instock,3,https://goya-eight.vercel.app/products/3138_6.jpg,https://goya-eight.vercel.app/okulary/goya-g-186-br-okulary-przeciwsloneczne-z-filtrem-polaryzacyjnym
"=IMAGE(""https://goya-eight.vercel.app/products/973_6.jpg"")",244629,G1926 C1,Mallorca,Coast,GOYA G1926 C1,,109.0,76.3,349,349,,0,Przeciwsłoneczne,Unisex,Aviator,tak,"Czarny, Złoty",instock,1,https://goya-eight.vercel.app/products/973_6.jpg,https://goya-eight.vercel.app/okulary/goya-g1926-c1-okulary-przeciwsloneczne-z-filtrem-polaryzacyjnym
"=IMAGE(""https://goya-eight.vercel.app/products/583_4.jpg"")",243870,G 2618 C1,Malva,City,Goya G 2618 C1,,119.0,83.3,399,399,,0,Korekcyjne,Damskie,Prostokątne,nie,"Czarny, Fioletowy",instock,2,https://goya-eight.vercel.app/products/583_4.jpg,https://goya-eight.vercel.app/okulary/goya-okulary-korekcyjne-g-2618-c1
"=IMAGE(""https://goya-eight.vercel.app/products/G_55001_BR_A.jpg"")",334538,G 55001 BR,Mar,City,G 55001 BR - C3,,179.0,125.3,499,499,,0,Przeciwsłoneczne,Męskie,Nerdy,tak,Brązowy,instock,3,https://goya-eight.vercel.app/products/G_55001_BR_A.jpg,https://goya-eight.vercel.app/okulary/goya-okulary-przeciwsloneczne-z-filtrem-polaryzacyjnym-g-55001-br
"=IMAGE(""https://goya-eight.vercel.app/products/692_4.jpg"")",244458,G 96512S,Marbella,City,,Goya G 96512S C2; Goya G 96512S C3,109,76.3,349,349,,0,Przeciwsłoneczne,Unisex,Prostokątne,nie,Czarny,instock,1,https://goya-eight.vercel.app/products/692_4.jpg,https://goya-eight.vercel.app/okulary/goya-g-96512s-c2-okulary-przeciwsloneczne
"=IMAGE(""https://goya-eight.vercel.app/products/G_55001_GR_A.jpg"")",334571,G 55001 GR,Marea,City,G 55001 GR - C2,,179.0,125.3,499,499,,0,Przeciwsłoneczne,Męskie,Nerdy,tak,"Grafitowy, Szary",instock,0,https://goya-eight.vercel.app/products/G_55001_GR_A.jpg,https://goya-eight.vercel.app/okulary/goya-okulary-przeciwsloneczne-z-filtrem-polaryzacyjnym-g-55001-gr
"=IMAGE(""https://goya-eight.vercel.app/products/676_4.jpg"")",244363,G 94317 C2,Marfil,City,Goya G 94317 C2,,159.0,111.3,449,449,,0,Korekcyjne,Damskie,Kwadratowe,nie,"Brązowy, Różowy",instock,1,https://goya-eight.vercel.app/products/676_4.jpg,https://goya-eight.vercel.app/okulary/goya-okulary-korekcyjne-g-94317-c2
"=IMAGE(""https://goya-eight.vercel.app/products/3167_1.jpg"")",253178,G 170,Marina,City,,Goya G 170 BR; Goya G 170 CZ; Goya G 170 CZ/ZX,149,104.3,449,449,,0,Przeciwsłoneczne,Damskie,Owalne,tak,"Brązowy, Czarny, Fioletowy",instock,6,https://goya-eight.vercel.app/products/3167_1.jpg,https://goya-eight.vercel.app/okulary/goya-okulary-przeciwsloneczne-z-filtrem-polaryzacyjnym-g-170
"=IMAGE(""https://goya-eight.vercel.app/products/971_3.jpg"")",244619,G100,Menorca,Coast,,Goya G100 C2; GOYA G100 C1,109,76.3,349,349,,0,Przeciwsłoneczne,Unisex,Aviator,tak,Złoty,instock,9,https://goya-eight.vercel.app/products/971_3.jpg,https://goya-eight.vercel.app/okulary/goya-g100-c1-okulary-przeciwsloneczne-z-filtrem-polaryzacyjnym
"=IMAGE(""https://goya-eight.vercel.app/products/575_6.jpg"")",243912,G 2659 C4,Menta,City,Goya G 2659 C4,,109.0,76.3,349,349,,0,Korekcyjne,Damskie,Prostokątne,nie,"Biały, Czerwony, Fioletowy",instock,0,https://goya-eight.vercel.app/products/575_6.jpg,https://goya-eight.vercel.app/okulary/goya-okulary-korekcyjne-g-2659-c4
"=IMAGE(""https://goya-eight.vercel.app/products/3142_6.jpg"")",245694,G 185,Miel,Coast,,GOYA G 185 CZ; Goya G 185 ZX; Goya G 185 BR,149,104.3,449,449,,0,Przeciwsłoneczne,Damskie,Muchy,tak,"Brązowy, Czarny, Transparentny",instock,8,https://goya-eight.vercel.app/products/3142_6.jpg,https://goya-eight.vercel.app/okulary/goya-g-185-cz-okulary-przeciwsloneczne-z-filtrem-polaryzacyjnym
"=IMAGE(""https://goya-eight.vercel.app/products/589_4.jpg"")",243884,G 2622 C2,Mirto,City,Goya G 2622 C2,,109.0,76.3,349,349,,0,Korekcyjne,Damskie,Prostokątne,nie,"Fioletowy, Transparentny",instock,2,https://goya-eight.vercel.app/products/589_4.jpg,https://goya-eight.vercel.app/okulary/goya-okulary-korekcyjne-g-2622-c2
"=IMAGE(""https://goya-eight.vercel.app/products/3194_1.jpg"")",253055,G 146,Mistral,Weekend,,Goya G 146 ZX A; Goya G 146 CZ C,149,104.3,449,449,,0,Przeciwsłoneczne,Damskie,Pozostałe,tak,"Brązowy, Czarny",instock,2,https://goya-eight.vercel.app/products/3194_1.jpg,https://goya-eight.vercel.app/okulary/goya-okulary-przeciwsloneczne-z-filtrem-polaryzacyjnym-g-146
"=IMAGE(""https://goya-eight.vercel.app/products/672_4.jpg"")",244332,G 94411,Mojácar,Weekend,,Goya G 94411 C2; Goya G 94411 C4,199,139.3,499,499,,0,Korekcyjne,Unisex,Okrągłe,nie,"Czarny, Granatowy, Srebrny, Szary",instock,1,https://goya-eight.vercel.app/products/672_4.jpg,https://goya-eight.vercel.app/okulary/goya-okulary-korekcyjne-g-94411-c2
"=IMAGE(""https://goya-eight.vercel.app/products/2457_1.jpg"")",245155,G 55017,Monte,Coast,,G 55017 BR; G 55017 GR; G 55017 CZ,149,104.3,449,449,,0,Przeciwsłoneczne,Męskie,Aviator,tak,"Brązowy, Czarny, Grafitowy",instock,3,https://goya-eight.vercel.app/products/2457_1.jpg,https://goya-eight.vercel.app/okulary/goya-g-55017-br-okulary-przeciwsloneczne-z-filtrem-polaryzacyjnym
"=IMAGE(""https://goya-eight.vercel.app/products/3175_1.jpg"")",253171,G 161,Mundaka,City,,Goya G 161 S A; Goya G 161 GR B,149,104.3,449,449,,0,Przeciwsłoneczne,Unisex,Owalne,tak,"Czarny, Srebrny",instock,2,https://goya-eight.vercel.app/products/3175_1.jpg,https://goya-eight.vercel.app/okulary/goya-okulary-przeciwsloneczne-z-filtrem-polaryzacyjnym-g-161
"=IMAGE(""https://goya-eight.vercel.app/products/628_4.jpg"")",244009,GH 5001,Musa,Coast,,Goya GH 5001 C4; Goya GH 5001 C1; Goya GH 5001 C5,159,111.3,449,449,,0,Korekcyjne,Damskie,Kocie,nie,"Czarny, Czerwony, Fioletowy, Granatowy, Złoty",instock,4,https://goya-eight.vercel.app/products/628_4.jpg,https://goya-eight.vercel.app/okulary/goya-okulary-korekcyjne-gh-5001-c1
"=IMAGE(""https://goya-eight.vercel.app/products/575_6.jpg"")",243918,okulary korekcyjne G 2657 C2,Nardo,Coast,Goya G 2657 C2,,199.0,139.3,499,499,,0,Korekcyjne,Damskie,Kocie,nie,"Brązowy, Czarny",instock,0,https://goya-eight.vercel.app/products/575_6.jpg,https://goya-eight.vercel.app/okulary/goya-okulary-korekcyjne-g-2657-c2
"=IMAGE(""https://goya-eight.vercel.app/products/575_6.jpg"")",244103,RD 150 C4,Neblina,Coast,Goya RD 150 C4,,119.0,83.3,399,399,,0,Korekcyjne,Damskie,Kocie,nie,"Brązowy, Żółty",instock,1,https://goya-eight.vercel.app/products/575_6.jpg,https://goya-eight.vercel.app/okulary/goya-okulary-korekcyjne-rd-150-c4
"=IMAGE(""https://goya-eight.vercel.app/products/prof-368.jpeg"")",238836,G 8004,Nerja,Weekend,,G 8004 BR; G 8004 CZ,119,83.3,399,399,,0,Przeciwsłoneczne,Unisex,Pozostałe,tak,"Srebrny, Złoty",instock,4,https://goya-eight.vercel.app/products/prof-368.jpeg,https://goya-eight.vercel.app/okulary/brazowe-okulary-przeciwsloneczne-polaryzacyjne-goya-g-8004-br
"=IMAGE(""https://goya-eight.vercel.app/products/575_6.jpg"")",244029,GL 6503 C3,Ninfa,Coast,Goya GL 6503 C3,,159.0,111.3,449,449,,0,Korekcyjne,Damskie,Kocie,nie,"Brązowy, Złoty",instock,0,https://goya-eight.vercel.app/products/575_6.jpg,https://goya-eight.vercel.app/okulary/goya-okulary-korekcyjne-gl-6503-c3
"=IMAGE(""https://goya-eight.vercel.app/products/3132_1.jpg"")",245583,G 189,Noble,Drive,,GOYA G 189 CZM; GOYA G 189 CZ,119,83.3,399,399,,0,Przeciwsłoneczne,Męskie,Sportowe,tak,"Czarny, Wielokolorowy",instock,57,https://goya-eight.vercel.app/products/3132_1.jpg,https://goya-eight.vercel.app/okulary/goya-g-189-czm-okulary-przeciwsloneczne-z-filtrem-polaryzacyjnym
"=IMAGE(""https://goya-eight.vercel.app/products/3157_6.jpg"")",245801,G 175 CZ,Norte,Drive,GOYA G 175 CZ,,129.0,90.3,399,399,,0,Przeciwsłoneczne,Męskie,Sportowe,tak,Czarny,instock,4,https://goya-eight.vercel.app/products/3157_6.jpg,https://goya-eight.vercel.app/okulary/goya-g-175-cz-okulary-przeciwsloneczne-z-filtrem-polaryzacyjnym
"=IMAGE(""https://goya-eight.vercel.app/products/608_3.jpg"")",243931,G 2714 C1,Nube,City,Goya G 2714 C1,,109.0,76.3,349,349,,0,Korekcyjne,Damskie,Prostokątne,nie,"Czarny, Transparentny",instock,0,https://goya-eight.vercel.app/products/608_3.jpg,https://goya-eight.vercel.app/okulary/goya-okulary-korekcyjne-g-2714-c1
"=IMAGE(""https://goya-eight.vercel.app/products/prof-479.jpeg"")",239046,G 55T002,Nómada,City,,G 55T002 CZ; G 55T002 BR; G 55T002 GR,119,83.3,399,399,,0,Przeciwsłoneczne,Męskie,Nerdy,tak,"Brązowy, Czarny, Grafitowy",instock,24,https://goya-eight.vercel.app/products/prof-479.jpeg,https://goya-eight.vercel.app/okulary/okulary-przeciwsloneczne-polaryzacyjne-dla-kierowcow-goya-g-55t002-br
"=IMAGE(""https://goya-eight.vercel.app/products/G_55029_GR_A.jpg"")",337412,G 55029 GR,Ocaso,Coast,G 55029 GR - C2,,179.0,125.3,499,499,,0,Przeciwsłoneczne,Damskie,Aviator,tak,"Grafitowy, Szary",instock,1,https://goya-eight.vercel.app/products/G_55029_GR_A.jpg,https://goya-eight.vercel.app/okulary/goya-okulary-przeciwsloneczne-z-filtrem-polaryzacyjnym-g-55029-gr
"=IMAGE(""https://goya-eight.vercel.app/products/3143_6.jpg"")",245701,G 184 C,Ocre,Coast,GOYA G 184 C,,149.0,104.3,449,449,,0,Przeciwsłoneczne,Damskie,Kocie,tak,"Czarny, Czerwony",instock,1,https://goya-eight.vercel.app/products/3143_6.jpg,https://goya-eight.vercel.app/okulary/goya-g-184-c-okulary-przeciwsloneczne-z-filtrem-polaryzacyjnym
"=IMAGE(""https://goya-eight.vercel.app/products/G_55001_CZ_A.jpg"")",334574,G 55001 CZ,Oleaje,City,G 55001 CZ - C1,,179.0,125.3,499,499,,0,Przeciwsłoneczne,Męskie,Nerdy,tak,Czarny,outofstock,8,https://goya-eight.vercel.app/products/G_55001_CZ_A.jpg,https://goya-eight.vercel.app/okulary/goya-okulary-przeciwsloneczne-z-filtrem-polaryzacyjnym-g-55001-cz
"=IMAGE(""https://goya-eight.vercel.app/products/575_6.jpg"")",243887,okulary korekcyjne G 2619 C3,Oliva,City,Goya G 2619 C3,,119.0,83.3,399,399,,0,Korekcyjne,Damskie,Prostokątne,nie,"Czarny, Granatowy",instock,0,https://goya-eight.vercel.app/products/575_6.jpg,https://goya-eight.vercel.app/okulary/goya-okulary-korekcyjne-g-2619-c3
"=IMAGE(""https://goya-eight.vercel.app/products/2445_1.jpg"")",244983,G 55006,Olmo,Coast,,G 55006 BR; G 55006 GR; G 55006 CZ,149,104.3,449,449,,0,Przeciwsłoneczne,Męskie,Aviator,tak,"Brązowy, Czarny, Grafitowy",instock,9,https://goya-eight.vercel.app/products/2445_1.jpg,https://goya-eight.vercel.app/okulary/goya-g-55006-br-okulary-przeciwsloneczne-z-filtrem-polaryzacyjnym
"=IMAGE(""https://goya-eight.vercel.app/products/593_4.jpg"")",243888,G 2652 C3,Palma,Coast,Goya G 2652 C3,,109.0,76.3,349,349,,0,Korekcyjne,Damskie,Kocie,nie,"Biały, Czerwony",instock,1,https://goya-eight.vercel.app/products/593_4.jpg,https://goya-eight.vercel.app/okulary/goya-okulary-korekcyjne-g-2652-c3
"=IMAGE(""https://goya-eight.vercel.app/products/3182_1.jpg"")",253140,G 154 CZ,Perla,Weekend,Goya G 154 CZ,,149.0,104.3,449,449,,0,Przeciwsłoneczne,Damskie,Pozostałe,tak,Czarny,instock,0,https://goya-eight.vercel.app/products/3182_1.jpg,https://goya-eight.vercel.app/okulary/goya-okulary-przeciwsloneczne-z-filtrem-polaryzacyjnym-g-154-cz
"=IMAGE(""https://goya-eight.vercel.app/products/2649_1.jpg"")",245445,G 7107,Peñíscola,Coast,,G 7107 CZ; G 7107 Z,159,111.3,449,449,,0,Przeciwsłoneczne,Unisex,Aviator,tak,"Czarny, Złoty",instock,9,https://goya-eight.vercel.app/products/2649_1.jpg,https://goya-eight.vercel.app/okulary/goya-g-7107-z-okulary-przeciwsloneczne-polaryzacyjne-dla-kierowcow
"=IMAGE(""https://goya-eight.vercel.app/products/683_4.jpg"")",244424,G 96303,Pino,City,,Goya G 96303 C3; Goya G 96303 C1,189,132.3,499,499,,0,Korekcyjne,Męskie,Prostokątne,nie,"Brązowy, Niebieski, Srebrny, Złoty",instock,9,https://goya-eight.vercel.app/products/683_4.jpg,https://goya-eight.vercel.app/okulary/goya-okulary-korekcyjne-g-96303-c3
"=IMAGE(""https://goya-eight.vercel.app/products/3170_1.jpg"")",245915,G 164,Poniente,City,Goya G 164 CZ,,149.0,104.3,449,449,,0,Przeciwsłoneczne,Damskie,Prostokątne,tak,Czarny,instock,2,https://goya-eight.vercel.app/products/3170_1.jpg,https://goya-eight.vercel.app/okulary/goya-g-164-cz-okulary-przeciwsloneczne-z-filtrem-polaryzacyjnym
"=IMAGE(""https://goya-eight.vercel.app/products/G-21611-CZ-A.jpg"")",253959,G 21611 CZ,Portofino,Coast,GOYA G 21611 CZ,,149.0,104.3,449,449,,0,Przeciwsłoneczne,Unisex,Aviator,tak,"Czarny, Złoty",instock,2,https://goya-eight.vercel.app/products/G-21611-CZ-A.jpg,https://goya-eight.vercel.app/okulary/goya-okulary-przeciwsloneczne-z-filtrem-polaryzacyjnym-g-21611-cz
"=IMAGE(""https://goya-eight.vercel.app/products/666_4.jpg"")",244295,G 94313,Proa,City,,Goya G 94313 C4; Goya G 94313 C3,159,111.3,449,449,,0,Korekcyjne,Męskie,Prostokątne,nie,"Czarny, Granatowy, Szary",instock,0,https://goya-eight.vercel.app/products/666_4.jpg,https://goya-eight.vercel.app/okulary/goya-okulary-korekcyjne-g-94313-c4
"=IMAGE(""https://goya-eight.vercel.app/products/642_4.jpg"")",244058,LB 8936 C3,Raudo,City,Goya LB 8936 C3,,129.0,90.3,399,399,,0,Korekcyjne,Męskie,Prostokątne,nie,"Czarny, Szary",instock,1,https://goya-eight.vercel.app/products/642_4.jpg,https://goya-eight.vercel.app/okulary/goya-okulary-korekcyjne-lb-8936-c3
"=IMAGE(""https://goya-eight.vercel.app/products/GOYA-A0709-CZ-A.jpg"")",256227,A 0709 CZ,Rayo,City,GOYA A 0709 CZ,,179.0,125.3,499,499,,0,Przeciwsłoneczne,Damskie,Kwadratowe,tak,"Czarny, Złoty",instock,17,https://goya-eight.vercel.app/products/GOYA-A0709-CZ-A.jpg,https://goya-eight.vercel.app/okulary/goya-okulary-przeciwsloneczne-z-filtrem-polaryzacyjnym-goya-a-0709-cz
"=IMAGE(""https://goya-eight.vercel.app/products/646_4.jpg"")",244078,M 9010,Regata,City,,Goya M 9010 C2; Goya M 9010 C4,159,111.3,449,449,,0,Korekcyjne,Męskie,Prostokątne,nie,"Brązowy, Granatowy",instock,0,https://goya-eight.vercel.app/products/646_4.jpg,https://goya-eight.vercel.app/okulary/goya-okulary-korekcyjne-m-9010-c2
"=IMAGE(""https://goya-eight.vercel.app/products/655_4.jpg"")",244248,RD 654 C3,Remanso,Coast,Goya RD 654 C3,,129.0,90.3,399,399,,0,Korekcyjne,Damskie,Kocie,nie,"Czerwony, Pomarańczowy",instock,0,https://goya-eight.vercel.app/products/655_4.jpg,https://goya-eight.vercel.app/okulary/goya-okulary-korekcyjne-rd-654-c3
"=IMAGE(""https://goya-eight.vercel.app/products/595_4.jpg"")",243898,G 2637,Retama,Coast,,Goya G 2637 C2; Goya G 2637 C3,109,76.3,349,349,,0,Korekcyjne,Damskie,Kocie,nie,"Brązowy, Niebieski, Szary, Zielony",instock,0,https://goya-eight.vercel.app/products/595_4.jpg,https://goya-eight.vercel.app/okulary/goya-okulary-korekcyjne-g-2637-c2
"=IMAGE(""https://goya-eight.vercel.app/products/2454_1.jpg"")",245113,G 55016,Risco,Coast,,G 55016 BR; G 55016 GR; G 55016 CZ,149,104.3,449,449,,0,Przeciwsłoneczne,Męskie,Aviator,tak,"Brązowy, Czarny, Grafitowy",instock,4,https://goya-eight.vercel.app/products/2454_1.jpg,https://goya-eight.vercel.app/okulary/goya-g-55016-br-okulary-przeciwsloneczne-z-filtrem-polaryzacyjnym
"=IMAGE(""https://goya-eight.vercel.app/products/682_4.jpg"")",244394,G 1478 C2,Roble,City,Goya G 1478 C2,,179.0,125.3,499,499,,0,Korekcyjne,Męskie,Prostokątne,nie,"Czarny, Szary",instock,0,https://goya-eight.vercel.app/products/682_4.jpg,https://goya-eight.vercel.app/okulary/goya-okulary-korekcyjne-g-1478-c2
"=IMAGE(""https://goya-eight.vercel.app/products/575_6.jpg"")",243905,okulary korekcyjne G 2635 C1,Romero,Coast,Goya G 2635 C1,,109.0,76.3,349,349,,0,Korekcyjne,Damskie,Kocie,nie,Różowy,instock,0,https://goya-eight.vercel.app/products/575_6.jpg,https://goya-eight.vercel.app/okulary/goya-okulary-korekcyjne-g-2635-c1
"=IMAGE(""https://goya-eight.vercel.app/products/1867_4.jpg"")",237605,G 217,Ronda,Coast,,G 217 N; G 217 CZ,119,83.3,399,399,,0,Przeciwsłoneczne,Unisex,Aviator,tak,"Czarny, Złoty",instock,37,https://goya-eight.vercel.app/products/1867_4.jpg,https://goya-eight.vercel.app/okulary/okulary-przeciwsloneczne-polaryzacyjne-dla-kierowcow-pilotki-lustrzanki-goya-g-217-n
"=IMAGE(""https://goya-eight.vercel.app/products/prof-235.jpeg"")",237606,G 214,Rumbo,City,GOYA G 214 CZ,GOYA G 214 N; GOYA G 214 CZ,159,111.3,449,449,,0,Przeciwsłoneczne,Męskie,Nerdy,tak,"Czarny, Niebieski",instock,14,https://goya-eight.vercel.app/products/prof-235.jpeg,https://goya-eight.vercel.app/okulary/okulary-przeciwsloneczne-polaryzacyjne-dla-kierowcow-goya-g-214-cz-tr90
"=IMAGE(""https://goya-eight.vercel.app/products/575_6.jpg"")",243911,okulary korekcyjne G 2672 C1,Salvia,Coast,Goya G 2672 C1,,109.0,76.3,349,349,,0,Korekcyjne,Damskie,Kocie,nie,"Czarny, Wielokolorowy",instock,0,https://goya-eight.vercel.app/products/575_6.jpg,https://goya-eight.vercel.app/okulary/goya-okulary-korekcyjne-g-2672-c1
"=IMAGE(""https://goya-eight.vercel.app/products/3414_1.jpg"")",256082,CP 806632,Sarao,Coast,,GOYA CP 806632 ZL; GOYA CP 806632 CZ,179,125.3,499,499,,0,Przeciwsłoneczne,Unisex,Aviator,tak,"Czarny, Złoty",instock,16,https://goya-eight.vercel.app/products/3414_1.jpg,https://goya-eight.vercel.app/okulary/goya-okulary-przeciwsloneczne-z-filtrem-polaryzacyjnym-goya-cp-806632
"=IMAGE(""https://goya-eight.vercel.app/products/575_6.jpg"")",244050,RD 396 C2,Serena,Coast,Goya RD 396 C2,,119.0,83.3,399,399,,0,Korekcyjne,Damskie,Kocie,nie,"Czarny, Złoty",instock,0,https://goya-eight.vercel.app/products/575_6.jpg,https://goya-eight.vercel.app/okulary/goya-okulary-korekcyjne-rd-396-c2
"=IMAGE(""https://goya-eight.vercel.app/products/575_6.jpg"")",244253,RD 396 C3,Sereno,Coast,Goya RD 396 C3,,119.0,83.3,399,399,,0,Korekcyjne,Damskie,Kocie,nie,"Brązowy, Srebrny",instock,0,https://goya-eight.vercel.app/products/575_6.jpg,https://goya-eight.vercel.app/okulary/goya-okulary-korekcyjne-rd-396-c3
"=IMAGE(""https://goya-eight.vercel.app/products/2460_1.jpg"")",245199,G 55032,Sierra,Coast,,G 55032 BR; G 55032 GR; G 55032 CZ,149,104.3,449,449,,0,Przeciwsłoneczne,Męskie,Aviator,tak,"Brązowy, Czarny, Grafitowy",instock,5,https://goya-eight.vercel.app/products/2460_1.jpg,https://goya-eight.vercel.app/okulary/goya-g-55032-br-okulary-przeciwsloneczne-z-filtrem-polaryzacyjnym
"=IMAGE(""https://goya-eight.vercel.app/products/GOYA-CP8802-S-A.jpg"")",256037,CP 8802,Siesta,Coast,,GOYA CP 8802 S; GOYA CP 8802 ZL,179,125.3,499,499,,0,Przeciwsłoneczne,Unisex,Aviator,tak,"Niebieski, Złoty",instock,4,https://goya-eight.vercel.app/products/GOYA-CP8802-S-A.jpg,https://goya-eight.vercel.app/okulary/goya-okulary-przeciwsloneczne-z-filtrem-polaryzacyjnym-goya-cp-8802
"=IMAGE(""https://goya-eight.vercel.app/products/3185_1.jpg"")",253109,G 151,Sirena,City,,Goya G 151 ZX C; Goya G 151 S B,149,104.3,449,449,,0,Przeciwsłoneczne,Damskie,Owalne,tak,"Czarny, Wielokolorowy",instock,4,https://goya-eight.vercel.app/products/3185_1.jpg,https://goya-eight.vercel.app/okulary/goya-okulary-przeciwsloneczne-z-filtrem-polaryzacyjnym-g-151
"=IMAGE(""https://goya-eight.vercel.app/products/975_6.jpg"")",244657,G1921,Sitges,Coast,,GOYA G1921 C2; Goya G1921 C1,109,76.3,349,349,,0,Przeciwsłoneczne,Unisex,Aviator,tak,Złoty,instock,3,https://goya-eight.vercel.app/products/975_6.jpg,https://goya-eight.vercel.app/okulary/goya-g1921-c2-okulary-przeciwsloneczne-z-filtrem-polaryzacyjnym
"=IMAGE(""https://goya-eight.vercel.app/products/GOYA-A0710-CZ-A.jpg"")",256209,A 0710,Sol,City,,GOYA A 0710 GR; GOYA A 0710 CZ,179,125.3,499,499,,0,Przeciwsłoneczne,Damskie,Kwadratowe,tak,"Czarny, Niebieski, Srebrny, Transparentny, Złoty",instock,18,https://goya-eight.vercel.app/products/GOYA-A0710-CZ-A.jpg,https://goya-eight.vercel.app/okulary/goya-okulary-przeciwsloneczne-z-filtrem-polaryzacyjnym-goya-a-0710
"=IMAGE(""https://goya-eight.vercel.app/products/G_55051_CZ_A.jpg"")",337427,G 55051 CZ,Solano,Coast,G 55051 CZ - C1,,179.0,125.3,499,499,,0,Przeciwsłoneczne,Damskie,Aviator,tak,Czarny,instock,4,https://goya-eight.vercel.app/products/G_55051_CZ_A.jpg,https://goya-eight.vercel.app/okulary/goya-okulary-przeciwsloneczne-z-filtrem-polaryzacyjnym-g-55051-cz
"=IMAGE(""https://goya-eight.vercel.app/products/575_6.jpg"")",244247,MA 3021 C2,Sosiego,Coast,Goya MA 3021 C2,,119.0,83.3,399,399,,0,Korekcyjne,Damskie,Kocie,nie,"Czarny, Czerwony, Złoty",instock,0,https://goya-eight.vercel.app/products/575_6.jpg,https://goya-eight.vercel.app/okulary/goya-okulary-korekcyjne-ma-3021-c2-2
"=IMAGE(""https://goya-eight.vercel.app/products/687_4.jpg"")",244414,G 96301,Sóller,Coast,,Goya G 96301 C1; Goya G 96301 C2,189,132.3,499,499,,0,Korekcyjne,Unisex,Kocie,nie,"Brązowy, Niebieski, Srebrny, Złoty",instock,2,https://goya-eight.vercel.app/products/687_4.jpg,https://goya-eight.vercel.app/okulary/goya-okulary-korekcyjne-g-96301-c1
"=IMAGE(""https://goya-eight.vercel.app/products/3180_1.jpg"")",253158,G 157 BR,Tajo,Weekend,GOYA G 157 BR,,149.0,104.3,449,449,,0,Przeciwsłoneczne,Męskie,Pozostałe,tak,Brązowy,instock,5,https://goya-eight.vercel.app/products/3180_1.jpg,https://goya-eight.vercel.app/okulary/goya-okulary-przeciwsloneczne-z-filtrem-polaryzacyjnym-g-157-br
"=IMAGE(""https://goya-eight.vercel.app/products/580_4.jpg"")",243863,G 942115,Tarifa,Weekend,,Goya G 942115 C1; Goya G 942115 C2; Goya G 942115 C4,159,111.3,449,449,,0,Korekcyjne,Unisex,Okrągłe,nie,"Srebrny, Szary, Złoty",instock,3,https://goya-eight.vercel.app/products/580_4.jpg,https://goya-eight.vercel.app/okulary/goya-okulary-korekcyjne-g-942115-c1
"=IMAGE(""https://goya-eight.vercel.app/products/3156_6.jpg"")",245789,G 176,Timonel,Drive,,GOYA G 176 S; GOYA G 176 GR,129,90.3,399,399,,0,Przeciwsłoneczne,Męskie,Sportowe,tak,"Czarny, Srebrny",instock,13,https://goya-eight.vercel.app/products/3156_6.jpg,https://goya-eight.vercel.app/okulary/goya-g-176-s-okulary-przeciwsloneczne-z-filtrem-polaryzacyjnym
"=IMAGE(""https://goya-eight.vercel.app/products/659_4.jpg"")",244260,SD 1368 C8,Timón,City,Goya SD 1368 C8,,129.0,90.3,399,399,,0,Korekcyjne,Męskie,Prostokątne,nie,Granatowy,instock,1,https://goya-eight.vercel.app/products/659_4.jpg,https://goya-eight.vercel.app/okulary/goya-okulary-korekcyjne-sd-1368-c8
"=IMAGE(""https://goya-eight.vercel.app/products/575_6.jpg"")",243904,okulary korekcyjne G 2635 C3,Tomillo,Coast,Goya G 2635 C3,,109.0,76.3,349,349,,0,Korekcyjne,Damskie,Kocie,nie,"Granatowy, Niebieski",instock,0,https://goya-eight.vercel.app/products/575_6.jpg,https://goya-eight.vercel.app/okulary/goya-okulary-korekcyjne-g-2635-c3
"=IMAGE(""https://goya-eight.vercel.app/products/977_6.jpg"")",244692,G1905 C1,Tossa,Coast,GOYA G1905 C1,,109.0,76.3,349,349,,0,Przeciwsłoneczne,Unisex,Aviator,tak,Złoty,instock,5,https://goya-eight.vercel.app/products/977_6.jpg,https://goya-eight.vercel.app/okulary/goya-g1905-c1-okulary-przeciwsloneczne-z-filtrem-polaryzacyjnym
"=IMAGE(""https://goya-eight.vercel.app/products/1877_2.jpg"")",253506,G 210,Tramontana,Coast,,Goya G 210 CZ; Goya G 210 BR,109,76.3,349,349,,0,Przeciwsłoneczne,Damskie,Muchy,tak,"Biały, Brązowy, Czarny, Srebrny",instock,3,https://goya-eight.vercel.app/products/1877_2.jpg,https://goya-eight.vercel.app/okulary/goya-okulary-przeciwsloneczne-z-filtrem-polaryzacyjnym-g-210
"=IMAGE(""https://goya-eight.vercel.app/products/631_4.jpg"")",244019,DC 8039,Trayecto,City,,Goya DC 8039 C1; Goya DC 8039 C4,129,90.3,399,399,,0,Korekcyjne,Męskie,Prostokątne,nie,"Brązowy, Czarny, Szary",instock,2,https://goya-eight.vercel.app/products/631_4.jpg,https://goya-eight.vercel.app/okulary/goya-okulary-korekcyjne-dc-8039-c1
"=IMAGE(""https://goya-eight.vercel.app/products/3127_1.jpg"")",245531,G 195,Trigo,Coast,,Goya G 195 ZX; GOYA G 195 CZ; Goya G 195 BR,149,104.3,449,449,,0,Przeciwsłoneczne,Damskie,Muchy,tak,"Brązowy, Czarny, Szylkret",instock,38,https://goya-eight.vercel.app/products/3127_1.jpg,https://goya-eight.vercel.app/okulary/goya-g-195-cz-okulary-przeciwsloneczne-z-filtrem-polaryzacyjnym
"=IMAGE(""https://goya-eight.vercel.app/products/3171_1.jpg"")",253175,G 162,Tulum,City,,,,,399,399,,0,Przeciwsłoneczne,Unisex,Owalne,tak,"Brązowy, Transparentny",outofstock,10,https://goya-eight.vercel.app/products/3171_1.jpg,https://goya-eight.vercel.app/okulary/goya-okulary-przeciwsloneczne-z-filtrem-polaryzacyjnym-g-162-2
"=IMAGE(""https://goya-eight.vercel.app/products/662_4.jpg"")",244275,G 93212 C1,Turquesa,City,Goya G 93212 C1,,159.0,111.3,449,449,,0,Korekcyjne,Damskie,Kwadratowe,nie,"Czarny, Szary",instock,0,https://goya-eight.vercel.app/products/662_4.jpg,https://goya-eight.vercel.app/okulary/goya-okulary-korekcyjne-g-93212-c1
"=IMAGE(""https://goya-eight.vercel.app/products/G_55012_CZ_A.jpg"")",334708,G 55012 CZ,Vela,City,G 55012 CZ - C1,,179.0,125.3,499,499,,0,Przeciwsłoneczne,Męskie,Nerdy,tak,Czarny,outofstock,11,https://goya-eight.vercel.app/products/G_55012_CZ_A.jpg,https://goya-eight.vercel.app/okulary/goya-okulary-przeciwsloneczne-z-filtrem-polaryzacyjnym-g-55012-cz
"=IMAGE(""https://goya-eight.vercel.app/products/prof-230.jpeg"")",237598,G 218,Veloz,Drive,,GOYA G 218 C; GOYA G 218 A,119,83.3,399,399,,0,Przeciwsłoneczne,Męskie,Sportowe,tak,"Czarny, Srebrny",instock,9,https://goya-eight.vercel.app/products/prof-230.jpeg,https://goya-eight.vercel.app/okulary/srebrne-okulary-przeciwsloneczne-polaryzacyjne-dla-kierowcow-goya-g-218-c
"=IMAGE(""https://goya-eight.vercel.app/products/GOYA-CP8803-CZ-A.jpg"")",256018,CP 8803,Verano,Coast,,GOYA CP 8803 CZ; GOYA CP 8803 N,179,125.3,499,499,,0,Przeciwsłoneczne,Unisex,Aviator,tak,"Srebrny, Złoty",instock,3,https://goya-eight.vercel.app/products/GOYA-CP8803-CZ-A.jpg,https://goya-eight.vercel.app/okulary/goya-okulary-przeciwsloneczne-z-filtrem-polaryzacyjnym-goya-cp-8803
"=IMAGE(""https://goya-eight.vercel.app/products/GOYA-A0736-CZ-A.jpg"")",256172,A 0736,Verbena,Weekend,,GOYA A 0736 BR; GOYA A 0736 CZ,179,125.3,499,499,,0,Przeciwsłoneczne,Unisex,Okrągłe,tak,"Różowe złoto, Złoty",instock,47,https://goya-eight.vercel.app/products/GOYA-A0736-CZ-A.jpg,https://goya-eight.vercel.app/okulary/goya-okulary-przeciwsloneczne-z-filtrem-polaryzacyjnym-goya-a-0736
"=IMAGE(""https://goya-eight.vercel.app/products/582_3.jpg"")",243869,G 2618 C2,Violeta,City,Goya G 2618 C2,,119.0,83.3,399,399,,0,Korekcyjne,Damskie,Prostokątne,nie,"Czarny, Pomarańczowy",instock,1,https://goya-eight.vercel.app/products/582_3.jpg,https://goya-eight.vercel.app/okulary/goya-okulary-korekcyjne-g-2618-c2
"=IMAGE(""https://goya-eight.vercel.app/products/prof-380.jpeg"")",238829,G 55007,Vuelo,Coast,,G 55007 CZ; G 55007 BR; G 55007 GR,119,83.3,399,399,,0,Przeciwsłoneczne,Męskie,Aviator,tak,"Brązowy, Czarny, Grafitowy",instock,13,https://goya-eight.vercel.app/products/prof-380.jpeg,https://goya-eight.vercel.app/okulary/okulary-przeciwsloneczne-polaryzacyjne-dla-kierowcow-goya-g-55007-br
"=IMAGE(""https://goya-eight.vercel.app/products/3133_1.jpg"")",245591,G 188 GR,Zahara,Coast,GOYA G 188 GR,,149.0,104.3,449,449,,0,Przeciwsłoneczne,Unisex,Aviator,tak,Grafitowy,instock,6,https://goya-eight.vercel.app/products/3133_1.jpg,https://goya-eight.vercel.app/okulary/goya-g-188-gr-okulary-przeciwsloneczne-z-filtrem-polaryzacyjnym
"=IMAGE(""https://goya-eight.vercel.app/products/3187_1.jpg"")",253100,G 150 GR C,Ámbar,City,Goya G 150 GR C,,149.0,104.3,449,449,,0,Przeciwsłoneczne,Damskie,Owalne,tak,Czarny,instock,1,https://goya-eight.vercel.app/products/3187_1.jpg,https://goya-eight.vercel.app/okulary/goya-okulary-przeciwsloneczne-z-filtrem-polaryzacyjnym-g-150-gr-c
"=IMAGE(""https://goya-eight.vercel.app/products/2604_1.jpg"")",245316,G CP3718,Ébano,City,,G CP3718 R; G CP3718 BR; G CP3718 CZ,,,399,399,,0,Przeciwsłoneczne,Damskie,Prostokątne,tak,Złoty,outofstock,18,https://goya-eight.vercel.app/products/2604_1.jpg,https://goya-eight.vercel.app/okulary/goya-g-cp3718-r-okulary-przeciwsloneczne-polaryzacyjne
"=IMAGE(""https://goya-eight.vercel.app/products/635_4.jpg"")",244035,GK 7107,Ímpetu,City,,Goya GK 7107 C1; Goya GK 7107 C5,129,90.3,399,399,,0,Korekcyjne,Męskie,Prostokątne,nie,"Brązowy, Czarny, Granatowy",instock,7,https://goya-eight.vercel.app/products/635_4.jpg,https://goya-eight.vercel.app/okulary/goya-okulary-korekcyjne-gk-7107-c1
"=IMAGE(""https://goya-eight.vercel.app/products/661_4.jpg"")",244270,G 93234 C2,Ópalo,Coast,Goya G 93234 C2,,159.0,111.3,449,449,,0,Korekcyjne,Damskie,Kocie,nie,Brązowy,instock,0,https://goya-eight.vercel.app/products/661_4.jpg,https://goya-eight.vercel.app/okulary/goya-okulary-korekcyjne-g-93234-c2
