id,old_name,new_name,collection,shape,gender,category,slug
237598,G 218,Veloz,Drive,Sportowe,Męskie,Przeciwsłoneczne,srebrne-okulary-przeciwsloneczne-polaryzacyjne-dla-kierowcow-goya-g-218-c
237602,G 221,Azahar,City,Nerdy,Damskie,Przeciwsłoneczne,okulary-przeciwsloneczne-polaryzacyjne-kujonki-goya-g-221
237605,G 217,Ronda,Coast,Aviator,Unisex,Przeciwsłoneczne,okulary-przeciwsloneczne-polaryzacyjne-dla-kierowcow-pilotki-lustrzanki-goya-g-217-n
237606,G 214,Rumbo,City,Nerdy,Męskie,Przeciwsłoneczne,okulary-przeciwsloneczne-polaryzacyjne-dla-kierowcow-goya-g-214-cz-tr90
238105,G 55004 CZ,Jazmín,Coast,Aviator,Damskie,Przeciwsłoneczne,okulary-przeciwsloneczne-polaryzacyjne-dla-kierowcow-pilotki-goya-g-55004-cz
238829,G 55007,Vuelo,Coast,Aviator,Męskie,Przeciwsłoneczne,okulary-przeciwsloneczne-polaryzacyjne-dla-kierowcow-goya-g-55007-br
238836,G 8004,Nerja,Weekend,Pozostałe,Unisex,Przeciwsłoneczne,brazowe-okulary-przeciwsloneczne-polaryzacyjne-goya-g-8004-br
239041,G 55T001,Deriva,City,Nerdy,Męskie,Przeciwsłoneczne,okulary-przeciwsloneczne-polaryzacyjne-dla-kierowcow-goya-g-55t001-cz
239046,G 55T002,Nómada,City,Nerdy,Męskie,Przeciwsłoneczne,okulary-przeciwsloneczne-polaryzacyjne-dla-kierowcow-goya-g-55t002-br
243658,G 0901S,Dalia,Coast,Aviator,Damskie,Przeciwsłoneczne,goya-g-0901s-p-okulary-przeciwsloneczne-z-filtrem-polaryzacyjnym-pilotki-lustrzanki
243742,G 15217,Amapola,Coast,Kocie,Damskie,Przeciwsłoneczne,goya-g-15217-cz-okulary-przeciwsloneczne-kocie-oczy-z-filtrem-polaryzacyjnym
243836,G 1014 C8,Errante,City,Prostokątne,Męskie,Korekcyjne,goya-okulary-korekcyjne-g-1014-c8
243848,G 942117,Camelia,Coast,Aviator,Damskie,Korekcyjne,goya-okulary-korekcyjne-g-942117-c1
243863,G 942115,Tarifa,Weekend,Okrągłe,Unisex,Korekcyjne,goya-okulary-korekcyjne-g-942115-c1
243868,G 2618 C4,Magnolia,City,Prostokątne,Damskie,Korekcyjne,goya-okulary-korekcyjne-g-2618-c4
243869,G 2618 C2,Violeta,City,Prostokątne,Damskie,Korekcyjne,goya-okulary-korekcyjne-g-2618-c2
243870,G 2618 C1,Malva,City,Prostokątne,Damskie,Korekcyjne,goya-okulary-korekcyjne-g-2618-c1
243871,G 2615 C1,Denia,City,Prostokątne,Unisex,Korekcyjne,goya-okulary-korekcyjne-g-2615-c1
243876,G 2611 C2,Lila,Coast,Kocie,Damskie,Korekcyjne,goya-okulary-korekcyjne-g-2611-c2
243881,G 2603 C1,Flor,Coast,Kocie,Damskie,Korekcyjne,goya-okulary-korekcyjne-g-2603-c1
243882,G 2622 C4,Adelfa,City,Prostokątne,Damskie,Korekcyjne,goya-okulary-korekcyjne-g-2622-c4
243883,G 2622 C3,Buganvilla,City,Prostokątne,Damskie,Korekcyjne,goya-okulary-korekcyjne-g-2622-c3
243884,G 2622 C2,Mirto,City,Prostokątne,Damskie,Korekcyjne,goya-okulary-korekcyjne-g-2622-c2
243885,G 2622 C1,Lavanda,City,Prostokątne,Damskie,Korekcyjne,goya-okulary-korekcyjne-g-2622-c1
243886,okulary korekcyjne G 2619 C4,Espliego,City,Prostokątne,Damskie,Korekcyjne,goya-okulary-korekcyjne-g-2619-c4
243887,okulary korekcyjne G 2619 C3,Oliva,City,Prostokątne,Damskie,Korekcyjne,goya-okulary-korekcyjne-g-2619-c3
243888,G 2652 C3,Palma,Coast,Kocie,Damskie,Korekcyjne,goya-okulary-korekcyjne-g-2652-c3
243898,G 2637,Retama,Coast,Kocie,Damskie,Korekcyjne,goya-okulary-korekcyjne-g-2637-c2
243903,okulary korekcyjne G 2635 C4,Jara,Coast,Kocie,Damskie,Korekcyjne,goya-okulary-korekcyjne-g-2635-c4
243904,okulary korekcyjne G 2635 C3,Tomillo,Coast,Kocie,Damskie,Korekcyjne,goya-okulary-korekcyjne-g-2635-c3
243905,okulary korekcyjne G 2635 C1,Romero,Coast,Kocie,Damskie,Korekcyjne,goya-okulary-korekcyjne-g-2635-c1
243911,okulary korekcyjne G 2672 C1,Salvia,Coast,Kocie,Damskie,Korekcyjne,goya-okulary-korekcyjne-g-2672-c1
243912,G 2659 C4,Menta,City,Prostokątne,Damskie,Korekcyjne,goya-okulary-korekcyjne-g-2659-c4
243913,G 2659 C1,Laurel,City,Prostokątne,Damskie,Korekcyjne,goya-okulary-korekcyjne-g-2659-c1
243918,okulary korekcyjne G 2657 C2,Nardo,Coast,Kocie,Damskie,Korekcyjne,goya-okulary-korekcyjne-g-2657-c2
243919,G 2655 C1,Azucena,Coast,Kocie,Damskie,Korekcyjne,goya-okulary-korekcyjne-g-2655-c1
243924,G 2716 C1,Luna,City,Prostokątne,Damskie,Korekcyjne,goya-okulary-korekcyjne-g-2716-c1
243929,okulary korekcyjne G 2714 C4,Estrella,City,Prostokątne,Damskie,Korekcyjne,goya-okulary-korekcyjne-g-2714-c4
243931,G 2714 C1,Nube,City,Prostokątne,Damskie,Korekcyjne,goya-okulary-korekcyjne-g-2714-c1
243936,okulary korekcyjne G 2694 C2,Cielo,Weekend,Okrągłe,Damskie,Korekcyjne,goya-okulary-korekcyjne-g-2694-c2
243941,okulary korekcyjne G 2694 C1,Astro,Weekend,Okrągłe,Damskie,Korekcyjne,goya-okulary-korekcyjne-g-2694-c1
243946,G 2682,Cometa,Coast,Kocie,Damskie,Korekcyjne,goya-okulary-korekcyjne-g-2682-c4
243956,okulary korekcyjne G 2742 C4,Aura,City,Prostokątne,Damskie,Korekcyjne,goya-okulary-korekcyjne-g-2742-c4
243957,okulary korekcyjne G 2742 C2,Alma,City,Prostokątne,Damskie,Korekcyjne,goya-okulary-korekcyjne-g-2742-c2
243963,G 2740,Lira,City,Prostokątne,Damskie,Korekcyjne,goya-okulary-korekcyjne-g-2740-c2
243968,G 2717 C4,Diva,City,Prostokątne,Damskie,Korekcyjne,goya-okulary-korekcyjne-g-2717-c4
243973,G 89087 C3,Jávea,Weekend,Okrągłe,Unisex,Korekcyjne,goya-okulary-korekcyjne-g-89087-c3
243978,okulary korekcyjne G 89087 C2,Begur,Weekend,Okrągłe,Unisex,Korekcyjne,goya-okulary-korekcyjne-g-89087-c2
243989,G 89083,Formentera,City,Kwadratowe,Unisex,Korekcyjne,goya-okulary-korekcyjne-g-89083-c1
243994,G 89020,Altea,City,Kwadratowe,Unisex,Korekcyjne,goya-okulary-korekcyjne-g-89020-c4
244009,GH 5001,Musa,Coast,Kocie,Damskie,Korekcyjne,goya-okulary-korekcyjne-gh-5001-c1
244019,DC 8039,Trayecto,City,Prostokątne,Męskie,Korekcyjne,goya-okulary-korekcyjne-dc-8039-c1
244029,GL 6503 C3,Ninfa,Coast,Kocie,Damskie,Korekcyjne,goya-okulary-korekcyjne-gl-6503-c3
244035,GK 7107,Ímpetu,City,Prostokątne,Męskie,Korekcyjne,goya-okulary-korekcyjne-gk-7107-c1
244045,GK 7078,Gala,Coast,Kocie,Damskie,Korekcyjne,goya-okulary-korekcyjne-gk-7078-c1
244050,RD 396 C2,Serena,Coast,Kocie,Damskie,Korekcyjne,goya-okulary-korekcyjne-rd-396-c2
244056,LF 81209 C4,Gracia,City,Prostokątne,Damskie,Korekcyjne,goya-okulary-korekcyjne-lf-81209-c4
244057,LB 8936 C5,Brío,City,Prostokątne,Męskie,Korekcyjne,goya-okulary-korekcyjne-lb-8936-c5
244058,LB 8936 C3,Raudo,City,Prostokątne,Męskie,Korekcyjne,goya-okulary-korekcyjne-lb-8936-c3
244063,LA 9910 C4,Dulce,City,Prostokątne,Damskie,Korekcyjne,goya-okulary-korekcyjne-la-9910-c4
244068,GM 7080,Cabo,City,Prostokątne,Męskie,Korekcyjne,goya-okulary-korekcyjne-gm-7080-c5
244078,M 9010,Regata,City,Prostokątne,Męskie,Korekcyjne,goya-okulary-korekcyjne-m-9010-c2
244093,M 9004,Bella,Coast,Kocie,Damskie,Korekcyjne,goya-okulary-korekcyjne-m-9004-c1
244098,M 8209,Celeste,Coast,Kocie,Damskie,Korekcyjne,goya-okulary-korekcyjne-m-8209-c4
244103,RD 150 C4,Neblina,Coast,Kocie,Damskie,Korekcyjne,goya-okulary-korekcyjne-rd-150-c4
244104,MA 3021 C3,Calma,Coast,Kocie,Damskie,Korekcyjne,goya-okulary-korekcyjne-ma-3021-c3
244247,MA 3021 C2,Sosiego,Coast,Kocie,Damskie,Korekcyjne,goya-okulary-korekcyjne-ma-3021-c2-2
244248,RD 654 C3,Remanso,Coast,Kocie,Damskie,Korekcyjne,goya-okulary-korekcyjne-rd-654-c3
244253,RD 396 C3,Sereno,Coast,Kocie,Damskie,Korekcyjne,goya-okulary-korekcyjne-rd-396-c3
244254,okulary korekcyjne TJ 032 C3,Calpe,City,Prostokątne,Unisex,Korekcyjne,goya-okulary-korekcyjne-tj-032-c3
244255,T 1013 C6,Jade,Weekend,Okrągłe,Damskie,Korekcyjne,goya-okulary-korekcyjne-t-1013-c6
244260,SD 1368 C8,Timón,City,Prostokątne,Męskie,Korekcyjne,goya-okulary-korekcyjne-sd-1368-c8
244270,G 93234 C2,Ópalo,Coast,Kocie,Damskie,Korekcyjne,goya-okulary-korekcyjne-g-93234-c2
244275,G 93212 C1,Turquesa,City,Kwadratowe,Damskie,Korekcyjne,goya-okulary-korekcyjne-g-93212-c1
244290,G 93205,Esmeralda,Coast,Kocie,Damskie,Korekcyjne,goya-okulary-korekcyjne-g-93205-c1
244295,G 94313,Proa,City,Prostokątne,Męskie,Korekcyjne,goya-okulary-korekcyjne-g-94313-c4
244300,G 94312 C1,Ancla,City,Prostokątne,Męskie,Korekcyjne,goya-okulary-korekcyjne-g-94312-c1
244315,G 93304,Chispa,Weekend,Okrągłe,Dziecięce,Korekcyjne,goya-okulary-korekcyjne-g-93304-c2
244332,G 94411,Mojácar,Weekend,Okrągłe,Unisex,Korekcyjne,goya-okulary-korekcyjne-g-94411-c2
244347,G 94402,Cuarzo,Coast,Aviator,Damskie,Korekcyjne,goya-okulary-korekcyjne-g-94402-c1
244356,G 94319 C2,Comillas,City,Prostokątne,Unisex,Korekcyjne,goya-okulary-korekcyjne-g-94319-c2
244363,G 94317 C2,Marfil,City,Kwadratowe,Damskie,Korekcyjne,goya-okulary-korekcyjne-g-94317-c2
244376,G 95544 C3,Llanes,Coast,Aviator,Unisex,Korekcyjne,goya-okulary-korekcyjne-g-95544-c3
244389,G 95541,Bruma,City,Prostokątne,Męskie,Korekcyjne,goya-okulary-korekcyjne-g-95541-c1
244394,G 1478 C2,Roble,City,Prostokątne,Męskie,Korekcyjne,goya-okulary-korekcyjne-g-1478-c2
244404,G 96302,Cedro,City,Prostokątne,Męskie,Korekcyjne,goya-okulary-korekcyjne-g-96302-c4
244414,G 96301,Sóller,Coast,Kocie,Unisex,Korekcyjne,goya-okulary-korekcyjne-g-96301-c1
244419,G 95551,Cadaqués,Coast,Aviator,Unisex,Korekcyjne,goya-okulary-korekcyjne-g-95551-c2
244424,G 96303,Pino,City,Prostokątne,Męskie,Korekcyjne,goya-okulary-korekcyjne-g-96303-c3
244429,G 93305,Duende,Weekend,Prostokątne,Dziecięce,Korekcyjne,goya-okulary-korekcyjne-g-93305-c2
244447,G 96514S C21,Azabache,Weekend,Okrągłe,Damskie,Przeciwsłoneczne,goya-g-96514s-c21-okulary-przeciwsloneczne
244458,G 96512S,Marbella,City,Prostokątne,Unisex,Przeciwsłoneczne,goya-g-96512s-c2-okulary-przeciwsloneczne
244579,G1904,Cádiz,Coast,Aviator,Unisex,Przeciwsłoneczne,goya-g1904-c2-okulary-przeciwsloneczne-z-filtrem-polaryzacyjnym-kopia
244590,G1835 C3,Ibiza,Coast,Aviator,Unisex,Przeciwsłoneczne,goya-g1835-c3-okulary-przeciwsloneczne-z-filtrem-polaryzacyjnym
244619,G100,Menorca,Coast,Aviator,Unisex,Przeciwsłoneczne,goya-g100-c1-okulary-przeciwsloneczne-z-filtrem-polaryzacyjnym
244629,G1926 C1,Mallorca,Coast,Aviator,Unisex,Przeciwsłoneczne,goya-g1926-c1-okulary-przeciwsloneczne-z-filtrem-polaryzacyjnym
244646,G1923 C1,Almería,Coast,Aviator,Unisex,Przeciwsłoneczne,goya-g1923-c1-okulary-przeciwsloneczne-z-filtrem-polaryzacyjnym
244657,G1921,Sitges,Coast,Aviator,Unisex,Przeciwsłoneczne,goya-g1921-c2-okulary-przeciwsloneczne-z-filtrem-polaryzacyjnym
244692,G1905 C1,Tossa,Coast,Aviator,Unisex,Przeciwsłoneczne,goya-g1905-c1-okulary-przeciwsloneczne-z-filtrem-polaryzacyjnym
244983,G 55006,Olmo,Coast,Aviator,Męskie,Przeciwsłoneczne,goya-g-55006-br-okulary-przeciwsloneczne-z-filtrem-polaryzacyjnym
245019,G 55010,Fresno,Coast,Aviator,Męskie,Przeciwsłoneczne,goya-g-55010-br-okulary-przeciwsloneczne-z-filtrem-polaryzacyjnym
245113,G 55016,Risco,Coast,Aviator,Męskie,Przeciwsłoneczne,goya-g-55016-br-okulary-przeciwsloneczne-z-filtrem-polaryzacyjnym
245155,G 55017,Monte,Coast,Aviator,Męskie,Przeciwsłoneczne,goya-g-55017-br-okulary-przeciwsloneczne-z-filtrem-polaryzacyjnym
245199,G 55032,Sierra,Coast,Aviator,Męskie,Przeciwsłoneczne,goya-g-55032-br-okulary-przeciwsloneczne-z-filtrem-polaryzacyjnym
245226,G 55042,Halcón,City,Kwadratowe,Męskie,Przeciwsłoneczne,goya-g-55042-br-okulary-przeciwsloneczne-z-filtrem-polaryzacyjnym
245250,G 9496,Lince,City,Nerdy,Męskie,Przeciwsłoneczne,goya-g-g-9496-br-okulary-przeciwsloneczne-z-filtrem-polaryzacyjnym
245316,G CP3718,Ébano,City,Prostokątne,Damskie,Przeciwsłoneczne,goya-g-cp3718-r-okulary-przeciwsloneczne-polaryzacyjne
245340,G CP3717,Bronce,City,Prostokątne,Damskie,Przeciwsłoneczne,goya-g-cp3717-r-okulary-przeciwsloneczne-polaryzacyjne
245367,G 6230 R,Cobre,Weekend,Okrągłe,Damskie,Przeciwsłoneczne,goya-g-6230-r-okulary-przeciwsloneczne-polaryzacyjne
245396,G 6232,Canela,Coast,Muchy,Damskie,Przeciwsłoneczne,goya-g-6232-cz-okulary-przeciwsloneczne-polaryzacyjne
245445,G 7107,Peñíscola,Coast,Aviator,Unisex,Przeciwsłoneczne,goya-g-7107-z-okulary-przeciwsloneczne-polaryzacyjne-dla-kierowcow
245464,G 205,Almendra,Coast,Kocie,Damskie,Przeciwsłoneczne,goya-g-205-z-okulary-przeciwsloneczne-z-filtrem-polaryzacyjnym
245493,G 199,Bravo,Coast,Aviator,Męskie,Przeciwsłoneczne,goya-g-199-br-okulary-przeciwsloneczne-z-filtrem-polaryzacyjnym
245502,G 196 BR,Avellana,Coast,Muchy,Damskie,Przeciwsłoneczne,goya-g-196-br-okulary-przeciwsloneczne-z-filtrem-polaryzacyjnym
245531,G 195,Trigo,Coast,Muchy,Damskie,Przeciwsłoneczne,goya-g-195-cz-okulary-przeciwsloneczne-z-filtrem-polaryzacyjnym
245540,G 190 CZ,Grana,Coast,Muchy,Damskie,Przeciwsłoneczne,goya-g-190-cz-okulary-przeciwsloneczne-z-filtrem-polaryzacyjnym
245548,G 191 BR,Carmín,Coast,Muchy,Damskie,Przeciwsłoneczne,goya-g-191-br-okulary-przeciwsloneczne-z-filtrem-polaryzacyjnym
245561,G 193 CZ,Getaria,City,Prostokątne,Unisex,Przeciwsłoneczne,goya-g-193-cz-okulary-przeciwsloneczne-z-filtrem-polaryzacyjnym
245583,G 189,Noble,Drive,Sportowe,Męskie,Przeciwsłoneczne,goya-g-189-czm-okulary-przeciwsloneczne-z-filtrem-polaryzacyjnym
245591,G 188 GR,Zahara,Coast,Aviator,Unisex,Przeciwsłoneczne,goya-g-188-gr-okulary-przeciwsloneczne-z-filtrem-polaryzacyjnym
245657,G 187,Añil,Coast,Muchy,Damskie,Przeciwsłoneczne,goya-g-187-cz-okulary-przeciwsloneczne-z-filtrem-polaryzacyjnym
245673,G 186,Malaquita,Coast,Muchy,Damskie,Przeciwsłoneczne,goya-g-186-br-okulary-przeciwsloneczne-z-filtrem-polaryzacyjnym
245694,G 185,Miel,Coast,Muchy,Damskie,Przeciwsłoneczne,goya-g-185-cz-okulary-przeciwsloneczne-z-filtrem-polaryzacyjnym
245701,G 184 C,Ocre,Coast,Kocie,Damskie,Przeciwsłoneczne,goya-g-184-c-okulary-przeciwsloneczne-z-filtrem-polaryzacyjnym
245722,G 183,Brisa,Weekend,Okrągłe,Damskie,Przeciwsłoneczne,goya-g-183-zx-okulary-przeciwsloneczne-z-filtrem-polaryzacyjnym
245743,G 182,Aire,Coast,Muchy,Damskie,Przeciwsłoneczne,goya-g-182-zx-okulary-przeciwsloneczne-z-filtrem-polaryzacyjnym
245765,G 180 GR,Hidalgo,City,Prostokątne,Męskie,Przeciwsłoneczne,goya-g-180-gr-okulary-przeciwsloneczne-z-filtrem-polaryzacyjnym-kopia
245772,G 177 CZ,Corsario,Drive,Sportowe,Męskie,Przeciwsłoneczne,goya-g-177-cz-okulary-przeciwsloneczne-z-filtrem-polaryzacyjnym
245789,G 176,Timonel,Drive,Sportowe,Męskie,Przeciwsłoneczne,goya-g-176-s-okulary-przeciwsloneczne-z-filtrem-polaryzacyjnym
245801,G 175 CZ,Norte,Drive,Sportowe,Męskie,Przeciwsłoneczne,goya-g-175-cz-okulary-przeciwsloneczne-z-filtrem-polaryzacyjnym
245833,G 172,Céfiro,City,Prostokątne,Damskie,Przeciwsłoneczne,goya-g-172-br-okulary-przeciwsloneczne-z-filtrem-polaryzacyjnym
245865,G 171,Levante,Weekend,Pozostałe,Damskie,Przeciwsłoneczne,goya-g-171-zx-okulary-przeciwsloneczne-z-filtrem-polaryzacyjnym
245901,G 166 GR,Duero,City,Owalne,Męskie,Przeciwsłoneczne,goya-g-166-gr-okulary-przeciwsloneczne-z-filtrem-polaryzacyjnym
245915,G 164,Poniente,City,Prostokątne,Damskie,Przeciwsłoneczne,goya-g-164-cz-okulary-przeciwsloneczne-z-filtrem-polaryzacyjnym
253055,G 146,Mistral,Weekend,Pozostałe,Damskie,Przeciwsłoneczne,goya-okulary-przeciwsloneczne-z-filtrem-polaryzacyjnym-g-146
253071,G 148,Lucero,Weekend,Pozostałe,Damskie,Przeciwsłoneczne,goya-okulary-przeciwsloneczne-z-filtrem-polaryzacyjnym-g-148
253086,G 149,Conil,City,Owalne,Unisex,Przeciwsłoneczne,goya-okulary-przeciwsloneczne-z-filtrem-polaryzacyjnym-g-149
253100,G 150 GR C,Ámbar,City,Owalne,Damskie,Przeciwsłoneczne,goya-okulary-przeciwsloneczne-z-filtrem-polaryzacyjnym-g-150-gr-c
253109,G 151,Sirena,City,Owalne,Damskie,Przeciwsłoneczne,goya-okulary-przeciwsloneczne-z-filtrem-polaryzacyjnym-g-151
253125,G 153,Ebro,Weekend,Pozostałe,Męskie,Przeciwsłoneczne,goya-okulary-przeciwsloneczne-z-filtrem-polaryzacyjnym-g-153
253140,G 154 CZ,Perla,Weekend,Pozostałe,Damskie,Przeciwsłoneczne,goya-okulary-przeciwsloneczne-z-filtrem-polaryzacyjnym-g-154-cz
253158,G 157 BR,Tajo,Weekend,Pozostałe,Męskie,Przeciwsłoneczne,goya-okulary-przeciwsloneczne-z-filtrem-polaryzacyjnym-g-157-br
253166,G 160,Frigiliana,City,Owalne,Unisex,Przeciwsłoneczne,goya-okulary-przeciwsloneczne-z-filtrem-polaryzacyjnym-g-160
253171,G 161,Mundaka,City,Owalne,Unisex,Przeciwsłoneczne,goya-okulary-przeciwsloneczne-z-filtrem-polaryzacyjnym-g-161
253175,G 162,Tulum,City,Owalne,Unisex,Przeciwsłoneczne,goya-okulary-przeciwsloneczne-z-filtrem-polaryzacyjnym-g-162-2
253178,G 170,Marina,City,Owalne,Damskie,Przeciwsłoneczne,goya-okulary-przeciwsloneczne-z-filtrem-polaryzacyjnym-g-170
253506,G 210,Tramontana,Coast,Muchy,Damskie,Przeciwsłoneczne,goya-okulary-przeciwsloneczne-z-filtrem-polaryzacyjnym-g-210
253763,G 201 CZ,Duna,Drive,Sportowe,Męskie,Przeciwsłoneczne,goya-okulary-przeciwsloneczne-z-filtrem-polaryzacyjnym-g-201-cz
253959,G 21611 CZ,Portofino,Coast,Aviator,Unisex,Przeciwsłoneczne,goya-okulary-przeciwsloneczne-z-filtrem-polaryzacyjnym-g-21611-cz
253966,G 21609,Libre,Coast,Aviator,Unisex,Przeciwsłoneczne,goya-okulary-przeciwsloneczne-z-filtrem-polaryzacyjnym-g-21609
255981,PG 3026,Fiesta,Coast,Aviator,Unisex,Przeciwsłoneczne,goya-okulary-przeciwsloneczne-z-filtrem-polaryzacyjnym-goya-pg-3026
256018,CP 8803,Verano,Coast,Aviator,Unisex,Przeciwsłoneczne,goya-okulary-przeciwsloneczne-z-filtrem-polaryzacyjnym-goya-cp-8803
256037,CP 8802,Siesta,Coast,Aviator,Unisex,Przeciwsłoneczne,goya-okulary-przeciwsloneczne-z-filtrem-polaryzacyjnym-goya-cp-8802
256054,CP 806639,Feria,Coast,Aviator,Unisex,Przeciwsłoneczne,goya-okulary-przeciwsloneczne-z-filtrem-polaryzacyjnym-goya-cp-806639
256082,CP 806632,Sarao,Coast,Aviator,Unisex,Przeciwsłoneczne,goya-okulary-przeciwsloneczne-z-filtrem-polaryzacyjnym-goya-cp-806632
256121,CJ 1943,Arena,City,Nerdy,Męskie,Przeciwsłoneczne,goya-okulary-przeciwsloneczne-z-filtrem-polaryzacyjnym-goya-cj-1943
256172,A 0736,Verbena,Weekend,Okrągłe,Unisex,Przeciwsłoneczne,goya-okulary-przeciwsloneczne-z-filtrem-polaryzacyjnym-goya-a-0736
256193,A 0711,Luz,City,Kwadratowe,Damskie,Przeciwsłoneczne,goya-okulary-przeciwsloneczne-z-filtrem-polaryzacyjnym-goya-a-0711
256209,A 0710,Sol,City,Kwadratowe,Damskie,Przeciwsłoneczne,goya-okulary-przeciwsloneczne-z-filtrem-polaryzacyjnym-goya-a-0710
256227,A 0709 CZ,Rayo,City,Kwadratowe,Damskie,Przeciwsłoneczne,goya-okulary-przeciwsloneczne-z-filtrem-polaryzacyjnym-goya-a-0709-cz
334136,G 55004 BR,Alba,Coast,Aviator,Damskie,Przeciwsłoneczne,goya-okulary-przeciwsloneczne-z-filtrem-polaryzacyjnym-g-55004-br
334538,G 55001 BR,Mar,City,Nerdy,Męskie,Przeciwsłoneczne,goya-okulary-przeciwsloneczne-z-filtrem-polaryzacyjnym-g-55001-br
334571,G 55001 GR,Marea,City,Nerdy,Męskie,Przeciwsłoneczne,goya-okulary-przeciwsloneczne-z-filtrem-polaryzacyjnym-g-55001-gr
334574,G 55001 CZ,Oleaje,City,Nerdy,Męskie,Przeciwsłoneczne,goya-okulary-przeciwsloneczne-z-filtrem-polaryzacyjnym-g-55001-cz
334580,G 55015 BR,Costa,City,Nerdy,Męskie,Przeciwsłoneczne,goya-okulary-przeciwsloneczne-z-filtrem-polaryzacyjnym-g-55015-br
334596,G 55015 GR,Cala,City,Nerdy,Męskie,Przeciwsłoneczne,goya-okulary-przeciwsloneczne-z-filtrem-polaryzacyjnym-g-55015-gr
334606,G 55015 CZ,Bahía,City,Nerdy,Męskie,Przeciwsłoneczne,goya-okulary-przeciwsloneczne-z-filtrem-polaryzacyjnym-g-55015-cz
334688,G 55012 GR,Faro,City,Nerdy,Męskie,Przeciwsłoneczne,goya-okulary-przeciwsloneczne-z-filtrem-polaryzacyjnym-g-55012-gr
334708,G 55012 CZ,Vela,City,Nerdy,Męskie,Przeciwsłoneczne,goya-okulary-przeciwsloneczne-z-filtrem-polaryzacyjnym-g-55012-cz
337384,G 55021 CZ,Coral,City,Owalne,Męskie,Przeciwsłoneczne,goya-okulary-przeciwsloneczne-z-filtrem-polaryzacyjnym-g-55021-cz
337402,G 55029 CZ,Aurora,Coast,Aviator,Damskie,Przeciwsłoneczne,goya-okulary-przeciwsloneczne-z-filtrem-polaryzacyjnym-g-55029-cz
337412,G 55029 GR,Ocaso,Coast,Aviator,Damskie,Przeciwsłoneczne,goya-okulary-przeciwsloneczne-z-filtrem-polaryzacyjnym-g-55029-gr
337427,G 55051 CZ,Solano,Coast,Aviator,Damskie,Przeciwsłoneczne,goya-okulary-przeciwsloneczne-z-filtrem-polaryzacyjnym-g-55051-cz
337436,G 55051 GR,Claro,Coast,Aviator,Damskie,Przeciwsłoneczne,goya-okulary-przeciwsloneczne-z-filtrem-polaryzacyjnym-g-55051-gr
337482,G 55054 CZ,Destello,Coast,Aviator,Damskie,Przeciwsłoneczne,goya-okulary-przeciwsloneczne-z-filtrem-polaryzacyjnym-g-55054-cz
337493,G 55054 GR,Fulgor,Coast,Aviator,Damskie,Przeciwsłoneczne,goya-okulary-przeciwsloneczne-z-filtrem-polaryzacyjnym-g-55054-gr
421549,okulary przeciwsłoneczne z filtrem UV- G 1000 BR,Lumbre,City,Prostokątne,Damskie,Przeciwsłoneczne,goya-okulary-przeciwsloneczne-z-filtrem-uv-g-1000-br
